<?xml version="1.0" encoding="utf-8"?>
<NemetschekBIMStructureSelection Activated="1">
  <Files>
  </Files>
<SelectedNodes>
    <Teilbild Name="Gelände" NodeID="0103" />
    <Storey Name="Fundament" NodeID="b8fe00d8-7857-4ea5-9fc7-dcb9a6bae63e" />
    <Teilbild Name="" NodeID="0601" />
    <Teilbild Name="Grundriss" NodeID="0602" />
    <Teilbild Name="Platte" NodeID="0603" />
    <Teilbild Name="" NodeID="0604" />
    <Teilbild Name="" NodeID="0605" />
    <Storey Name="Keller" NodeID="81fa198f-30cd-4a02-8be5-756b891b2cc3" />
    <Teilbild Name="" NodeID="0901" />
    <Teilbild Name="Grundriss" NodeID="0902" />
    <Teilbild Name="Decke" NodeID="0903" />
    <Teilbild Name="" NodeID="0904" />
    <Teilbild Name="" NodeID="0905" />
    <Storey Name="Erdgeschoß" NodeID="f1ec1d74-3d15-4919-8b78-9fc693f69509" />
    <Teilbild Name="" NodeID="1001" />
    <Teilbild Name="Grundriss" NodeID="1002" />
    <Teilbild Name="Decke ü. EG" NodeID="1003" />
    <Teilbild Name="" NodeID="1004" />
    <Teilbild Name="" NodeID="1005" />
    <Storey Name="1. Obergeschoß" NodeID="10550de8-cf98-47cf-8320-9ce8daded447" />
    <Teilbild Name="" NodeID="1101" />
    <Teilbild Name="Grundriss" NodeID="1102" />
    <Teilbild Name="Decke" NodeID="1103" />
    <Teilbild Name="" NodeID="1104" />
    <Teilbild Name="" NodeID="1105" />
    <Storey Name="2. Obergeschoß" NodeID="3f80626c-b3b4-4636-a87a-f567d891d933" />
    <Teilbild Name="" NodeID="1201" />
    <Teilbild Name="Grundriss" NodeID="1202" />
    <Teilbild Name="Decke" NodeID="1203" />
    <Teilbild Name="" NodeID="1204" />
    <Teilbild Name="" NodeID="1205" />
    <Storey Name="3. Obergeschoß" NodeID="0bda51a4-acbf-4d31-be99-75db7e793898" />
    <Teilbild Name="" NodeID="1301" />
    <Teilbild Name="Grundriss" NodeID="1302" />
    <Teilbild Name="Decke" NodeID="1303" />
    <Teilbild Name="" NodeID="1304" />
    <Teilbild Name="" NodeID="1305" />
    <Storey Name="4. Obergeschoß" NodeID="dd655e12-1f93-426f-ba31-5874211d9f76" />
    <Teilbild Name="" NodeID="1401" />
    <Teilbild Name="Grundriss" NodeID="1402" />
    <Teilbild Name="Decke" NodeID="1403" />
    <Teilbild Name="" NodeID="1404" />
    <Teilbild Name="" NodeID="1405" />
    <Storey Name="Dachgeschoß" NodeID="1b61ef92-3d43-4310-9e89-6409986c3539" />
    <Teilbild Name="" NodeID="1901" />
    <Teilbild Name="Grundriss" NodeID="1902" />
    <Teilbild Name="Decke" NodeID="1903" />
    <Teilbild Name="Dachebene" NodeID="1904" />
    <Teilbild Name="Dachhaut" NodeID="1905" />
</SelectedNodes>
<IndeterminatelySelectedNodes>
</IndeterminatelySelectedNodes>
<ExpandedNodes>
    <Site Name="Liegenschaft" NodeID="65956ac7-5741-4184-8177-22c0082e6dfb" />
    <Building Name="Gebäude" NodeID="aa9a2107-5ddf-4eaf-9e40-4e52259d4766" />
    <Storey Name="Fundament" NodeID="b8fe00d8-7857-4ea5-9fc7-dcb9a6bae63e" />
    <Storey Name="Keller" NodeID="81fa198f-30cd-4a02-8be5-756b891b2cc3" />
    <Storey Name="Erdgeschoß" NodeID="f1ec1d74-3d15-4919-8b78-9fc693f69509" />
    <Storey Name="1. Obergeschoß" NodeID="10550de8-cf98-47cf-8320-9ce8daded447" />
    <Storey Name="2. Obergeschoß" NodeID="3f80626c-b3b4-4636-a87a-f567d891d933" />
    <Storey Name="3. Obergeschoß" NodeID="0bda51a4-acbf-4d31-be99-75db7e793898" />
    <Storey Name="4. Obergeschoß" NodeID="dd655e12-1f93-426f-ba31-5874211d9f76" />
    <Storey Name="Dachgeschoß" NodeID="1b61ef92-3d43-4310-9e89-6409986c3539" />
</ExpandedNodes>
</NemetschekBIMStructureSelection>
