<?xml version="1.0" encoding="utf-8"?>
<NemetschekBIMStructureSelection Activated="1">
  <Files>
  </Files>
<SelectedNodes>
    <Site Name="Liegenschaft" NodeID="33c96797-2940-4537-99c2-e645b8ac9cd2" />
    <Teilbild Name="Grid" NodeID="0100" />
    <Building Name="Gebäude" NodeID="c5b24c29-e2e2-49be-a8bc-b5bbc40a8d45" />
    <Storey Name="UG01" NodeID="584de324-93a5-44bd-9429-69ac5989eb35" />
    <Teilbild Name="Gründung UG01" NodeID="0501" />
    <Teilbild Name="Wände UG01" NodeID="0502" />
    <Teilbild Name="Treppe UG01" NodeID="0503" />
    <Teilbild Name="" NodeID="0504" />
    <Teilbild Name="Decke UG01" NodeID="0505" />
    <Storey Name="EG01" NodeID="3339987f-bb4f-405e-af02-308a43a31eeb" />
    <Teilbild Name="Gründung EG01" NodeID="0601" />
    <Teilbild Name="Wände EG01" NodeID="0602" />
    <Teilbild Name="Treppe EG01" NodeID="0603" />
    <Teilbild Name="Räume EG01" NodeID="0604" />
    <Teilbild Name="Decke EG01" NodeID="0605" />
    <Storey Name="OG01" NodeID="d733a506-e5a9-4d85-9dd7-32b7f827a6b6" />
    <Teilbild Name="" NodeID="0701" />
    <Teilbild Name="Wände OG01" NodeID="0702" />
    <Teilbild Name="" NodeID="0703" />
    <Teilbild Name="" NodeID="0704" />
    <Teilbild Name="Decke OG01" NodeID="0705" />
    <Storey Name="OG02" NodeID="2ef282a3-dbd4-45ab-837b-471b507934aa" />
    <Teilbild Name="Dachaufbau OG02" NodeID="0801" />
    <Teilbild Name="Brüstung OG02" NodeID="0802" />
    <Teilbild Name="" NodeID="0803" />
</SelectedNodes>
<IndeterminatelySelectedNodes>
</IndeterminatelySelectedNodes>
<ExpandedNodes>
    <Site Name="Liegenschaft" NodeID="33c96797-2940-4537-99c2-e645b8ac9cd2" />
    <Building Name="Gebäude" NodeID="c5b24c29-e2e2-49be-a8bc-b5bbc40a8d45" />
    <Storey Name="UG01" NodeID="584de324-93a5-44bd-9429-69ac5989eb35" />
    <Storey Name="EG01" NodeID="3339987f-bb4f-405e-af02-308a43a31eeb" />
    <Storey Name="OG01" NodeID="d733a506-e5a9-4d85-9dd7-32b7f827a6b6" />
    <Storey Name="OG02" NodeID="2ef282a3-dbd4-45ab-837b-471b507934aa" />
</ExpandedNodes>
</NemetschekBIMStructureSelection>
