<?xml version="1.0" encoding="utf-8"?>
<NemetschekBIMStructureSettings Activated="1">
  <Files>
    <File ID="0001" State="0" Activated="0" />
    <File ID="0002" State="0" Activated="0" />
    <File ID="0003" State="0" Activated="0" />
    <File ID="0004" State="0" Activated="0" />
    <File ID="0005" State="0" Activated="0" />
    <File ID="0006" State="0" Activated="0" />
    <File ID="0007" State="0" Activated="0" />
    <File ID="0008" State="0" Activated="0" />
    <File ID="0009" State="0" Activated="0" />
    <File ID="0010" State="0" Activated="0" />
    <File ID="0011" State="0" Activated="0" />
    <File ID="0012" State="0" Activated="0" />
    <File ID="0013" State="0" Activated="0" />
    <File ID="0014" State="0" Activated="0" />
    <File ID="0015" State="0" Activated="0" />
    <File ID="0016" State="0" Activated="0" />
    <File ID="0017" State="0" Activated="0" />
    <File ID="0018" State="0" Activated="0" />
    <File ID="0019" State="0" Activated="0" />
    <File ID="0020" State="0" Activated="0" />
    <File ID="0021" State="0" Activated="0" />
    <File ID="0022" State="0" Activated="0" />
    <File ID="0023" State="0" Activated="0" />
    <File ID="0024" State="0" Activated="0" />
    <File ID="0025" State="0" Activated="0" />
    <File ID="0026" State="0" Activated="0" />
    <File ID="0027" State="0" Activated="0" />
    <File ID="0028" State="0" Activated="0" />
    <File ID="0029" State="0" Activated="0" />
    <File ID="0030" State="0" Activated="0" />
    <File ID="0031" State="0" Activated="0" />
    <File ID="0032" State="0" Activated="0" />
    <File ID="0033" State="0" Activated="0" />
    <File ID="0034" State="0" Activated="0" />
    <File ID="0035" State="0" Activated="0" />
    <File ID="0036" State="0" Activated="0" />
    <File ID="0037" State="0" Activated="0" />
    <File ID="0038" State="0" Activated="0" />
    <File ID="0039" State="0" Activated="0" />
    <File ID="0040" State="0" Activated="0" />
    <File ID="0041" State="0" Activated="0" />
    <File ID="0042" State="0" Activated="0" />
    <File ID="0043" State="0" Activated="0" />
    <File ID="0044" State="0" Activated="0" />
    <File ID="0045" State="0" Activated="0" />
    <File ID="0050" State="0" Activated="1" />
    <File ID="0051" State="0" Activated="1" />
    <File ID="0052" State="3" Activated="1" />
    <File ID="0053" State="2" Activated="1" />
    <File ID="0054" State="2" Activated="1" />
    <File ID="0055" State="2" Activated="1" />
    <File ID="0056" State="2" Activated="1" />
    <File ID="0057" State="0" Activated="1" />
    <File ID="0058" State="0" Activated="1" />
    <File ID="0059" State="0" Activated="1" />
    <File ID="0060" State="0" Activated="1" />
    <File ID="0061" State="0" Activated="1" />
    <File ID="0062" State="0" Activated="1" />
    <File ID="0063" State="0" Activated="1" />
    <File ID="0064" State="0" Activated="1" />
    <File ID="0065" State="0" Activated="1" />
    <File ID="0500" State="0" Activated="0" />
    <File ID="0501" State="0" Activated="0" />
    <File ID="0503" State="0" Activated="0" />
    <File ID="0600" State="0" Activated="0" />
    <File ID="0601" State="0" Activated="0" />
    <File ID="0602" State="0" Activated="0" />
    <File ID="0603" State="0" Activated="0" />
    <File ID="0604" State="0" Activated="0" />
    <File ID="0605" State="0" Activated="0" />
    <File ID="0606" State="0" Activated="0" />
    <File ID="0607" State="0" Activated="0" />
    <File ID="0608" State="0" Activated="0" />
    <File ID="0609" State="0" Activated="0" />
    <File ID="0610" State="0" Activated="0" />
    <File ID="0611" State="3" Activated="0" />
    <File ID="0612" State="0" Activated="0" />
    <File ID="0613" State="0" Activated="0" />
    <File ID="0614" State="0" Activated="0" />
    <File ID="0615" State="0" Activated="0" />
    <File ID="0710" State="0" Activated="0" />
    <File ID="0711" State="0" Activated="0" />
    <File ID="0712" State="0" Activated="0" />
    <File ID="0713" State="0" Activated="0" />
    <File ID="0714" State="0" Activated="0" />
    <File ID="0715" State="0" Activated="0" />
    <File ID="0716" State="0" Activated="0" />
    <File ID="0717" State="0" Activated="0" />
    <File ID="0718" State="0" Activated="0" />
    <File ID="0719" State="0" Activated="0" />
    <File ID="0720" State="0" Activated="0" />
    <File ID="0721" State="0" Activated="0" />
    <File ID="0722" State="0" Activated="0" />
    <File ID="0723" State="0" Activated="0" />
    <File ID="0724" State="0" Activated="0" />
    <File ID="0725" State="0" Activated="0" />
    <File ID="0726" State="0" Activated="0" />
    <File ID="0727" State="0" Activated="0" />
    <File ID="0728" State="0" Activated="0" />
    <File ID="0729" State="0" Activated="0" />
    <File ID="0730" State="0" Activated="0" />
    <File ID="0731" State="0" Activated="0" />
    <File ID="0732" State="0" Activated="0" />
    <File ID="0733" State="0" Activated="0" />
    <File ID="0734" State="0" Activated="0" />
    <File ID="0735" State="0" Activated="0" />
    <File ID="0736" State="0" Activated="0" />
    <File ID="0737" State="0" Activated="0" />
    <File ID="0738" State="0" Activated="0" />
    <File ID="0739" State="0" Activated="0" />
    <File ID="0750" State="0" Activated="0" />
    <File ID="0751" State="0" Activated="0" />
    <File ID="0752" State="2" Activated="0" />
    <File ID="0753" State="0" Activated="0" />
    <File ID="0754" State="0" Activated="0" />
    <File ID="0755" State="0" Activated="0" />
    <File ID="0756" State="0" Activated="0" />
    <File ID="0757" State="0" Activated="0" />
    <File ID="0758" State="0" Activated="0" />
    <File ID="0810" State="0" Activated="0" />
    <File ID="0811" State="0" Activated="0" />
    <File ID="0812" State="0" Activated="0" />
    <File ID="0813" State="0" Activated="0" />
    <File ID="0814" State="0" Activated="0" />
    <File ID="0815" State="0" Activated="0" />
    <File ID="0816" State="0" Activated="0" />
    <File ID="0817" State="0" Activated="0" />
    <File ID="0818" State="0" Activated="0" />
    <File ID="0819" State="0" Activated="0" />
    <File ID="0820" State="0" Activated="0" />
    <File ID="0821" State="0" Activated="0" />
    <File ID="0822" State="0" Activated="0" />
    <File ID="0823" State="0" Activated="0" />
    <File ID="0824" State="0" Activated="0" />
    <File ID="0825" State="0" Activated="0" />
    <File ID="0826" State="0" Activated="0" />
    <File ID="0827" State="0" Activated="0" />
    <File ID="0828" State="0" Activated="0" />
    <File ID="0829" State="0" Activated="0" />
    <File ID="0830" State="0" Activated="0" />
    <File ID="0831" State="0" Activated="0" />
    <File ID="0832" State="0" Activated="0" />
    <File ID="0833" State="0" Activated="0" />
    <File ID="0834" State="0" Activated="0" />
    <File ID="0835" State="0" Activated="0" />
    <File ID="0836" State="0" Activated="0" />
    <File ID="0837" State="0" Activated="0" />
    <File ID="0838" State="0" Activated="0" />
    <File ID="0839" State="0" Activated="0" />
    <File ID="0850" State="0" Activated="0" />
    <File ID="0851" State="0" Activated="0" />
    <File ID="0852" State="0" Activated="0" />
    <File ID="0853" State="0" Activated="0" />
    <File ID="0854" State="0" Activated="0" />
    <File ID="0855" State="0" Activated="0" />
    <File ID="0856" State="0" Activated="0" />
    <File ID="0857" State="0" Activated="0" />
    <File ID="0858" State="0" Activated="0" />
  </Files>
<SelectedNodes>
    <Storey Name="ING. STAHLBETONBAU" NodeID="bf6dd03a-3dd1-461f-8b08-22e133439df0" />
</SelectedNodes>
<IndeterminatelySelectedNodes>
</IndeterminatelySelectedNodes>
<ExpandedNodes>
    <Site Name="ALLG. Standards Modellieren" NodeID="73871a1a-af55-4472-961d-a19983aa53df" />
    <Building Name="ARCHITEKTUR" NodeID="4ae442e1-958f-4c3b-bd5a-0440691ed633" />
    <Building Name="INGENIEURBAU" NodeID="3fbe7fe1-be48-406f-94c1-65e05d6e45c2" />
    <Storey Name="ING. STAHLBETONBAU" NodeID="bf6dd03a-3dd1-461f-8b08-22e133439df0" />
    <Building Name="LBH 21" NodeID="6e5ea73f-aeba-4c2e-a88d-b64ef7682bb5" />
</ExpandedNodes>
</NemetschekBIMStructureSettings>
