<?xml version="1.0" encoding="utf-8"?>
<FloorManager_ViewSettings xmlns:xsd="http://www.w3.org/2001/XMLSchema" xmlns:xsi="http://www.w3.org/2001/XMLSchema-instance">
  <TabSelectedModelGuid>91ac6b54-4c3c-4bb3-b053-cb48455e58df</TabSelectedModelGuid>
  <SelectedItemRootGuid>91ac6b54-4c3c-4bb3-b053-cb48455e58df</SelectedItemRootGuid>
  <SelectedItemGuid>0000001d-0000-0000-0000-000000000000</SelectedItemGuid>
  <ParentSelected>false</ParentSelected>
  <AllModels>
    <FloorManagerModel_ViewSettings>
      <Uid>91ac6b54-4c3c-4bb3-b053-cb48455e58df</Uid>
      <CollapsedItemIDs>
        <int>10</int>
        <int>22</int>
        <int>20</int>
        <int>18</int>
        <int>16</int>
        <int>2</int>
        <int>4</int>
      </CollapsedItemIDs>
    </FloorManagerModel_ViewSettings>
  </AllModels>
</FloorManager_ViewSettings>