<?xml version="1.0" encoding="utf-8"?>
<NemetschekBIMLayoutSettings>
  <Files>
  </Files>
<AllLayouts Visible="0" Filter="1-1000" FilterActive="0" />
<SelectedNodes>
</SelectedNodes>
<ExpandedNodes>
    <PlanNode Name="Architektur" NodeID="5c9d9079-1b21-487f-9b88-07ab99c107ec" />
    <PlanNode Name="Wettbewerb" NodeID="e4618af8-f46d-4d43-8bc0-e2a0f03001d5" />
    <PlanNode Name="Ingenieurbau" NodeID="5efdd8f9-e44c-4617-abb4-b16f727c583e" />
</ExpandedNodes>
</NemetschekBIMLayoutSettings>
