<?xml version="1.0" encoding="utf-8"?>
<NemetschekBIMStructureSettings Activated="1">
  <Files>
    <File ID="0100" State="3" Activated="1" />
    <File ID="0101" State="0" Activated="1" />
    <File ID="0102" State="0" Activated="1" />
    <File ID="0103" State="0" Activated="1" />
    <File ID="0501" State="1" Activated="1" />
    <File ID="0502" State="1" Activated="1" />
    <File ID="0503" State="1" Activated="1" />
    <File ID="0504" State="0" Activated="1" />
    <File ID="0505" State="1" Activated="1" />
    <File ID="0601" State="1" Activated="1" />
    <File ID="0602" State="1" Activated="1" />
    <File ID="0603" State="1" Activated="1" />
    <File ID="0604" State="1" Activated="1" />
    <File ID="0605" State="1" Activated="1" />
    <File ID="0606" State="1" Activated="1" />
    <File ID="0701" State="0" Activated="1" />
    <File ID="0702" State="1" Activated="1" />
    <File ID="0703" State="0" Activated="1" />
    <File ID="0704" State="0" Activated="1" />
    <File ID="0705" State="1" Activated="1" />
    <File ID="0801" State="1" Activated="1" />
    <File ID="0802" State="1" Activated="1" />
    <File ID="0803" State="0" Activated="0" />
  </Files>
<SelectedNodes>
    <Site Name="Liegenschaft" NodeID="33c96797-2940-4537-99c2-e645b8ac9cd2" />
    <Storey Name="UG01" NodeID="584de324-93a5-44bd-9429-69ac5989eb35" />
    <Storey Name="EG01" NodeID="3339987f-bb4f-405e-af02-308a43a31eeb" />
    <Storey Name="OG01" NodeID="d733a506-e5a9-4d85-9dd7-32b7f827a6b6" />
    <Storey Name="OG02" NodeID="2ef282a3-dbd4-45ab-837b-471b507934aa" />
</SelectedNodes>
<IndeterminatelySelectedNodes>
</IndeterminatelySelectedNodes>
<ExpandedNodes>
    <Site Name="Liegenschaft" NodeID="33c96797-2940-4537-99c2-e645b8ac9cd2" />
    <Building Name="Gebäude" NodeID="c5b24c29-e2e2-49be-a8bc-b5bbc40a8d45" />
    <Storey Name="UG01" NodeID="584de324-93a5-44bd-9429-69ac5989eb35" />
    <Storey Name="EG01" NodeID="3339987f-bb4f-405e-af02-308a43a31eeb" />
    <Storey Name="OG01" NodeID="d733a506-e5a9-4d85-9dd7-32b7f827a6b6" />
    <Storey Name="OG02" NodeID="2ef282a3-dbd4-45ab-837b-471b507934aa" />
</ExpandedNodes>
</NemetschekBIMStructureSettings>
