<?xml version="1.0" encoding="utf-8"?>
<NemetschekBIMViewsSettings Activated="1">
  <Files>
    <File ID="5001" State="0" Activated="0" />
    <File ID="5002" State="0" Activated="0" />
    <File ID="5003" State="0" Activated="0" />
    <File ID="5011" State="0" Activated="0" />
    <File ID="5012" State="0" Activated="0" />
    <File ID="5013" State="0" Activated="0" />
    <File ID="5021" State="0" Activated="0" />
    <File ID="5022" State="0" Activated="0" />
    <File ID="5023" State="0" Activated="0" />
    <File ID="5031" State="0" Activated="0" />
    <File ID="5032" State="0" Activated="0" />
    <File ID="5033" State="0" Activated="0" />
    <File ID="6001" State="0" Activated="0" />
    <File ID="6002" State="0" Activated="0" />
    <File ID="6003" State="0" Activated="0" />
    <File ID="6051" State="0" Activated="0" />
    <File ID="6052" State="0" Activated="0" />
    <File ID="6053" State="0" Activated="0" />
  </Files>
<SelectedNodes>
</SelectedNodes>
<IndeterminatelySelectedNodes>
</IndeterminatelySelectedNodes>
<ExpandedNodes>
    <ViewNodes Name="Ansichten" NodeID="8882a031-918b-4e35-a4a8-54415f8b712e" />
    <ViewNode Name="Nord" NodeID="76712272-0dee-46e9-9e7d-91771916f7c9" />
    <ViewNode Name="Ost" NodeID="0a8b298b-7d56-4966-a041-7ecff984d95e" />
    <ViewNode Name="Süd" NodeID="cb9151f1-07c2-4db1-866a-dc1bd12ad4b7" />
    <ViewNode Name="West" NodeID="442d9081-9b2c-4104-b5de-b051279deba3" />
    <SectionNodes Name="Schnitte" NodeID="44c43ace-da2f-4831-bb7c-479649a1069e" />
    <SectionNode Name="Schnitt 01" NodeID="8d1dfde1-8829-4df3-b658-a3eab7301e5a" />
    <SectionNode Name="Schnitt A" NodeID="d3c2a9a6-eee3-4ab3-9583-8443877d6b58" />
    <ListNodes Name="Reports" NodeID="03a1cccb-b882-455c-a823-b03988ef82fe" />
    <ListNodes Name="Rohbau" NodeID="1d8b51fd-fe91-4dca-9508-7d242e17c635" />
    <ListNodes Name="Ausbau, Raumflächen" NodeID="041aeb85-0fba-4f78-9f45-a266e5e6d7e7" />
    <ListNodes Name="Wohnfläche, NGF" NodeID="407e5b67-1a55-4c01-9cb9-b86c4e9265ef" />
</ExpandedNodes>
</NemetschekBIMViewsSettings>
