<?xml version="1.0" encoding="utf-8"?>
<Levelmodel xmlns:xsd="http://www.w3.org/2001/XMLSchema" xmlns:xsi="http://www.w3.org/2001/XMLSchema-instance" m_iColor="-1" Marked="true" ObjectGuid="2b4f94ac-3a29-41bb-b8c3-7b86c45c545a" Expanded="true" UpperFloorsNaming="0" MaxReferenceID="42">
  <Name>Assistenten 2021</Name>
  <Foundation m_iColor="7" Marked="false" ObjectGuid="00000000-0000-0000-0000-000000000000" Expanded="false">
    <Name>Fundament</Name>
    <FloorIndex>-2147483648</FloorIndex>
    <BottomPlane m_iColor="7" Marked="false" ObjectGuid="00000003-0000-0000-0000-000000000000">
      <Name>Unterkante F</Name>
      <HeightLevel>-3850</HeightLevel>
    </BottomPlane>
    <TopPlane m_iColor="7" Marked="false" ObjectGuid="00000004-0000-0000-0000-000000000000">
      <Name>Oberkante F</Name>
      <HeightLevel>-3050</HeightLevel>
    </TopPlane>
    <ReferenceSurfaces />
    <OffsetPlanes />
    <SharedOffsetPlanes />
  </Foundation>
  <Building m_iColor="13" Marked="false" ObjectGuid="00000000-0000-0000-0000-000000000000" Expanded="false">
    <Name>Bauwerk</Name>
    <FloorIndex>0</FloorIndex>
    <BottomPlane m_iColor="13" Marked="false" ObjectGuid="00000009-0000-0000-0000-000000000000">
      <Name>Unterkante Bauwerk</Name>
      <HeightLevel>-5000</HeightLevel>
    </BottomPlane>
    <TopPlane m_iColor="13" Marked="false" ObjectGuid="0000000a-0000-0000-0000-000000000000">
      <Name>Oberkante Bauwerk</Name>
      <HeightLevel>19150</HeightLevel>
    </TopPlane>
    <ReferenceSurfaces />
    <OffsetPlanes />
    <SharedOffsetPlanes />
  </Building>
  <PlanePairs>
    <Planepair m_iColor="1" Marked="false" ObjectGuid="00000000-0000-0000-0000-000000000000" Expanded="false">
      <Name>5. Obergeschoss</Name>
      <FloorIndex>5</FloorIndex>
      <BottomPlane m_iColor="1" Marked="false" ObjectGuid="00000015-0000-0000-0000-000000000000">
        <Name>Unterkante 5. OG</Name>
        <HeightLevel>14600</HeightLevel>
      </BottomPlane>
      <TopPlane m_iColor="1" Marked="false" ObjectGuid="00000016-0000-0000-0000-000000000000">
        <Name>Oberkante 5. OG</Name>
        <HeightLevel>17350</HeightLevel>
      </TopPlane>
      <ReferenceSurfaces />
      <OffsetPlanes />
      <SharedOffsetPlanes>
        <SharedOffsetPlane m_iColor="5" Marked="false" ObjectGuid="00000018-0000-0000-0000-000000000000">
          <Name>Türöffnung OK</Name>
          <ParentGuid>00000017-0000-0000-0000-000000000000</ParentGuid>
        </SharedOffsetPlane>
        <SharedOffsetPlane m_iColor="5" Marked="false" ObjectGuid="00000020-0000-0000-0000-000000000000">
          <Name>Fensteröffnung OK</Name>
          <ParentGuid>0000001f-0000-0000-0000-000000000000</ParentGuid>
        </SharedOffsetPlane>
      </SharedOffsetPlanes>
    </Planepair>
    <Planepair m_iColor="5" Marked="false" ObjectGuid="00000000-0000-0000-0000-000000000000" Expanded="false">
      <Name>4. Obergeschoss</Name>
      <FloorIndex>4</FloorIndex>
      <BottomPlane m_iColor="5" Marked="false" ObjectGuid="00000013-0000-0000-0000-000000000000">
        <Name>Unterkante 4. OG</Name>
        <HeightLevel>11650</HeightLevel>
      </BottomPlane>
      <TopPlane m_iColor="5" Marked="false" ObjectGuid="00000014-0000-0000-0000-000000000000">
        <Name>Oberkante 4. OG</Name>
        <HeightLevel>14400</HeightLevel>
      </TopPlane>
      <ReferenceSurfaces />
      <OffsetPlanes />
      <SharedOffsetPlanes>
        <SharedOffsetPlane m_iColor="5" Marked="false" ObjectGuid="00000019-0000-0000-0000-000000000000">
          <Name>Türöffnung OK</Name>
          <ParentGuid>00000017-0000-0000-0000-000000000000</ParentGuid>
        </SharedOffsetPlane>
        <SharedOffsetPlane m_iColor="5" Marked="false" ObjectGuid="00000021-0000-0000-0000-000000000000">
          <Name>Fensteröffnung OK</Name>
          <ParentGuid>0000001f-0000-0000-0000-000000000000</ParentGuid>
        </SharedOffsetPlane>
      </SharedOffsetPlanes>
    </Planepair>
    <Planepair m_iColor="6" Marked="false" ObjectGuid="00000000-0000-0000-0000-000000000000" Expanded="false">
      <Name>3. Obergeschoss</Name>
      <FloorIndex>3</FloorIndex>
      <BottomPlane m_iColor="6" Marked="false" ObjectGuid="00000011-0000-0000-0000-000000000000">
        <Name>Unterkante 3. OG</Name>
        <HeightLevel>8700</HeightLevel>
      </BottomPlane>
      <TopPlane m_iColor="6" Marked="false" ObjectGuid="00000012-0000-0000-0000-000000000000">
        <Name>Oberkante 3. OG</Name>
        <HeightLevel>11450</HeightLevel>
      </TopPlane>
      <ReferenceSurfaces />
      <OffsetPlanes />
      <SharedOffsetPlanes>
        <SharedOffsetPlane m_iColor="5" Marked="false" ObjectGuid="0000001a-0000-0000-0000-000000000000">
          <Name>Türöffnung OK</Name>
          <ParentGuid>00000017-0000-0000-0000-000000000000</ParentGuid>
        </SharedOffsetPlane>
        <SharedOffsetPlane m_iColor="5" Marked="false" ObjectGuid="00000022-0000-0000-0000-000000000000">
          <Name>Fensteröffnung OK</Name>
          <ParentGuid>0000001f-0000-0000-0000-000000000000</ParentGuid>
        </SharedOffsetPlane>
      </SharedOffsetPlanes>
    </Planepair>
    <Planepair m_iColor="7" Marked="false" ObjectGuid="00000000-0000-0000-0000-000000000000" Expanded="false">
      <Name>2. Obergeschoss</Name>
      <FloorIndex>2</FloorIndex>
      <BottomPlane m_iColor="7" Marked="false" ObjectGuid="0000000f-0000-0000-0000-000000000000">
        <Name>Unterkante 2. OG</Name>
        <HeightLevel>5750</HeightLevel>
      </BottomPlane>
      <TopPlane m_iColor="7" Marked="false" ObjectGuid="00000010-0000-0000-0000-000000000000">
        <Name>Oberkante 2. OG</Name>
        <HeightLevel>8500</HeightLevel>
      </TopPlane>
      <ReferenceSurfaces />
      <OffsetPlanes />
      <SharedOffsetPlanes>
        <SharedOffsetPlane m_iColor="5" Marked="false" ObjectGuid="0000001b-0000-0000-0000-000000000000">
          <Name>Türöffnung OK</Name>
          <ParentGuid>00000017-0000-0000-0000-000000000000</ParentGuid>
        </SharedOffsetPlane>
        <SharedOffsetPlane m_iColor="5" Marked="false" ObjectGuid="00000023-0000-0000-0000-000000000000">
          <Name>Fensteröffnung OK</Name>
          <ParentGuid>0000001f-0000-0000-0000-000000000000</ParentGuid>
        </SharedOffsetPlane>
      </SharedOffsetPlanes>
    </Planepair>
    <Planepair m_iColor="1" Marked="false" ObjectGuid="00000000-0000-0000-0000-000000000000" Expanded="false">
      <Name>1. Obergeschoss</Name>
      <FloorIndex>1</FloorIndex>
      <BottomPlane m_iColor="1" Marked="false" ObjectGuid="00000007-0000-0000-0000-000000000000">
        <Name>Unterkante 1. OG</Name>
        <HeightLevel>2800</HeightLevel>
      </BottomPlane>
      <TopPlane m_iColor="1" Marked="false" ObjectGuid="00000008-0000-0000-0000-000000000000">
        <Name>Oberkante 1. OG</Name>
        <HeightLevel>5550</HeightLevel>
      </TopPlane>
      <ReferenceSurfaces />
      <OffsetPlanes />
      <SharedOffsetPlanes>
        <SharedOffsetPlane m_iColor="5" Marked="false" ObjectGuid="0000001c-0000-0000-0000-000000000000">
          <Name>Türöffnung OK</Name>
          <ParentGuid>00000017-0000-0000-0000-000000000000</ParentGuid>
        </SharedOffsetPlane>
        <SharedOffsetPlane m_iColor="5" Marked="false" ObjectGuid="00000024-0000-0000-0000-000000000000">
          <Name>Fensteröffnung OK</Name>
          <ParentGuid>0000001f-0000-0000-0000-000000000000</ParentGuid>
        </SharedOffsetPlane>
      </SharedOffsetPlanes>
    </Planepair>
    <Planepair m_iColor="5" Marked="false" ObjectGuid="00000000-0000-0000-0000-000000000000" Expanded="false">
      <Name>Erdgeschoss</Name>
      <FloorIndex>0</FloorIndex>
      <BottomPlane m_iColor="5" Marked="false" ObjectGuid="00000005-0000-0000-0000-000000000000">
        <Name>Unterkante EG</Name>
        <HeightLevel>-150</HeightLevel>
      </BottomPlane>
      <TopPlane m_iColor="5" Marked="false" ObjectGuid="00000006-0000-0000-0000-000000000000">
        <Name>Oberkante EG</Name>
        <HeightLevel>2600</HeightLevel>
      </TopPlane>
      <ReferenceSurfaces />
      <OffsetPlanes />
      <SharedOffsetPlanes>
        <SharedOffsetPlane m_iColor="5" Marked="false" ObjectGuid="0000001d-0000-0000-0000-000000000000">
          <Name>Türöffnung OK</Name>
          <ParentGuid>00000017-0000-0000-0000-000000000000</ParentGuid>
        </SharedOffsetPlane>
        <SharedOffsetPlane m_iColor="5" Marked="false" ObjectGuid="00000025-0000-0000-0000-000000000000">
          <Name>Fensteröffnung OK</Name>
          <ParentGuid>0000001f-0000-0000-0000-000000000000</ParentGuid>
        </SharedOffsetPlane>
      </SharedOffsetPlanes>
    </Planepair>
    <Planepair m_iColor="6" Marked="false" ObjectGuid="00000000-0000-0000-0000-000000000000" Expanded="false">
      <Name>1. Untergeschoss</Name>
      <FloorIndex>-1</FloorIndex>
      <BottomPlane m_iColor="6" Marked="false" ObjectGuid="00000001-0000-0000-0000-000000000000">
        <Name>Unterkante 1. UG</Name>
        <HeightLevel>-2750</HeightLevel>
      </BottomPlane>
      <TopPlane m_iColor="6" Marked="false" ObjectGuid="00000002-0000-0000-0000-000000000000">
        <Name>Oberkante 1. UG</Name>
        <HeightLevel>-350</HeightLevel>
      </TopPlane>
      <ReferenceSurfaces />
      <OffsetPlanes />
      <SharedOffsetPlanes>
        <SharedOffsetPlane m_iColor="5" Marked="false" ObjectGuid="0000001e-0000-0000-0000-000000000000">
          <Name>Türöffnung OK</Name>
          <ParentGuid>00000017-0000-0000-0000-000000000000</ParentGuid>
        </SharedOffsetPlane>
        <SharedOffsetPlane m_iColor="5" Marked="false" ObjectGuid="00000026-0000-0000-0000-000000000000">
          <Name>Fensteröffnung OK</Name>
          <ParentGuid>0000001f-0000-0000-0000-000000000000</ParentGuid>
        </SharedOffsetPlane>
      </SharedOffsetPlanes>
    </Planepair>
  </PlanePairs>
  <OffsetPlanes>
    <OffsetPlane m_iColor="5" Marked="false" ObjectGuid="00000017-0000-0000-0000-000000000000" PlaneConnection="BottomConnection">
      <Name>FFOK</Name>
      <Offset>150</Offset>
    </OffsetPlane>
    <OffsetPlane m_iColor="5" Marked="false" ObjectGuid="0000001f-0000-0000-0000-000000000000" PlaneConnection="TopConnection">
      <Name>Fensteröffnung OK</Name>
      <Offset>-350</Offset>
    </OffsetPlane>
  </OffsetPlanes>
</Levelmodel>