﻿<?xml version="1.0" encoding="utf-8"?>
<NemetschekBuildingStructure xmlns:xsd="http://www.w3.org/2001/XMLSchema" xmlns:xsi="http://www.w3.org/2001/XMLSchema-instance" NodeID="1bf55161-f120-409a-8ccd-1d7919ca440e" VersionID="325ADB67-B049-4781-A41A-877EADA7D218">
  <Availability xmlns="http://tempuri.org/XMLSchema.xsd">
    <AnyNode>true</AnyNode>
    <Attributes>true</Attributes>
    <Files>true</Files>
    <UserDefinedNodes>false</UserDefinedNodes>
    <Site>true</Site>
    <Construction>false</Construction>
    <Building>true</Building>
    <Storey>true</Storey>
    <StoreyPart>false</StoreyPart>
    <OneNodeOneTypeOfChildren>true</OneNodeOneTypeOfChildren>
    <FilesInRoot>false</FilesInRoot>
    <FilesInUserDefinedNodes>false</FilesInUserDefinedNodes>
    <FilesInSite>true</FilesInSite>
    <FilesInConstruction>false</FilesInConstruction>
    <FilesInBuilding>true</FilesInBuilding>
    <FilesInStorey>true</FilesInStorey>
    <FilesInStoreyPart>false</FilesInStoreyPart>
    <SortFiles>true</SortFiles>
  </Availability>
  <BuildingStructureNodes xmlns="http://tempuri.org/XMLSchema.xsd">
    <BuildingStructureChildNode>
      <Site Name="Liegenschaft" NodeID="33c96797-2940-4537-99c2-e645b8ac9cd2">
        <Files>
          <File ID="100" />
          <File ID="101" />
          <File ID="102" />
          <File ID="103" />
        </Files>
        <SiteNodes>
          <SiteChildNode>
            <Building Name="Gebäude" NodeID="c5b24c29-e2e2-49be-a8bc-b5bbc40a8d45">
              <BuildingNodes>
                <BuildingChildNode>
                  <Storey Name="UG01" NodeID="584de324-93a5-44bd-9429-69ac5989eb35">
                    <Files>
                      <File ID="501" />
                      <File ID="502" />
                      <File ID="503" />
                      <File ID="504" />
                      <File ID="505" />
                    </Files>
                  </Storey>
                </BuildingChildNode>
                <BuildingChildNode>
                  <Storey Name="EG01" NodeID="3339987f-bb4f-405e-af02-308a43a31eeb">
                    <Files>
                      <File ID="601" />
                      <File ID="602" />
                      <File ID="603" />
                      <File ID="604" />
                      <File ID="605" />
                      <File ID="606" />
                    </Files>
                  </Storey>
                </BuildingChildNode>
                <BuildingChildNode>
                  <Storey Name="OG01" NodeID="d733a506-e5a9-4d85-9dd7-32b7f827a6b6">
                    <Files>
                      <File ID="701" />
                      <File ID="702" />
                      <File ID="703" />
                      <File ID="704" />
                      <File ID="705" />
                    </Files>
                  </Storey>
                </BuildingChildNode>
                <BuildingChildNode>
                  <Storey Name="OG02" NodeID="2ef282a3-dbd4-45ab-837b-471b507934aa">
                    <Files>
                      <File ID="801" />
                      <File ID="802" />
                      <File ID="803" />
                    </Files>
                  </Storey>
                </BuildingChildNode>
                <BuildingChildNode>
                  <Storey Name="OG03" NodeID="a990dc61-7338-4ee4-9728-b8636e7777ba" />
                </BuildingChildNode>
                <BuildingChildNode>
                  <Storey Name="OG04" NodeID="033962df-8338-4f2d-b852-67896697635a" />
                </BuildingChildNode>
              </BuildingNodes>
            </Building>
          </SiteChildNode>
        </SiteNodes>
      </Site>
    </BuildingStructureChildNode>
  </BuildingStructureNodes>
</NemetschekBuildingStructure>