<?xml version="1.0" encoding="utf-8"?>
<NemetschekLayoutStructure xmlns:xsd="http://www.w3.org/2001/XMLSchema" xmlns:xsi="http://www.w3.org/2001/XMLSchema-instance" NodeID="34cc609c-cc6f-4f2f-90ee-fab47875b0e6" VersionID="325ADB67-B049-4781-A41A-877EADA7D218">
  <LayoutStructureNodes xmlns="http://tempuri.org/XMLSchema.xsd">
    <LayoutStructureNode Name="Architektur" NodeID="2912c163-3612-4173-b07e-ad1405f607f5">
      <LayoutStructureNodes>
        <LayoutStructureNode Name="Wettbewerb" NodeID="93a017c6-abf7-40f3-bdf9-d56a8bd3e927">
          <Files>
            <Layouts>
              <Layout ID="1" />
              <Layout ID="2" />
              <Layout ID="3" />
              <Layout ID="4" />
              <Layout ID="5" />
            </Layouts>
          </Files>
          <LayoutStructureNodes />
        </LayoutStructureNode>
        <LayoutStructureNode Name="Entwurf" NodeID="a5ca559c-045a-40a4-b5ed-5b62a6754671">
          <Files>
            <Layouts>
              <Layout ID="51" />
              <Layout ID="52" />
              <Layout ID="53" />
              <Layout ID="54" />
              <Layout ID="55" />
            </Layouts>
          </Files>
          <LayoutStructureNodes />
        </LayoutStructureNode>
        <LayoutStructureNode Name="Einreichung" NodeID="bd664586-58fc-44d6-b770-9d96f4448eb6">
          <Files>
            <Layouts>
              <Layout ID="101" />
              <Layout ID="102" />
              <Layout ID="103" />
              <Layout ID="104" />
              <Layout ID="105" />
              <Layout ID="106" />
              <Layout ID="107" />
              <Layout ID="108" />
              <Layout ID="109" />
              <Layout ID="110" />
            </Layouts>
          </Files>
          <LayoutStructureNodes />
        </LayoutStructureNode>
        <LayoutStructureNode Name="Polierplanung" NodeID="fee07bcb-5841-4c89-af6e-2dbea61b9a1d">
          <Files>
            <Layouts>
              <Layout ID="201" />
              <Layout ID="202" />
              <Layout ID="203" />
              <Layout ID="204" />
              <Layout ID="205" />
              <Layout ID="206" />
              <Layout ID="207" />
              <Layout ID="208" />
              <Layout ID="209" />
              <Layout ID="210" />
              <Layout ID="211" />
              <Layout ID="212" />
              <Layout ID="213" />
              <Layout ID="214" />
              <Layout ID="215" />
            </Layouts>
          </Files>
          <LayoutStructureNodes />
        </LayoutStructureNode>
      </LayoutStructureNodes>
    </LayoutStructureNode>
    <LayoutStructureNode Name="Ingenieurbau" NodeID="2356e0b1-0903-48cf-97ce-bba741b4658b">
      <LayoutStructureNodes>
        <LayoutStructureNode Name="Schalung" NodeID="a6e127ca-868b-4774-82d5-9f8b01cc299a">
          <Files>
            <Layouts>
              <Layout ID="501" />
              <Layout ID="502" />
              <Layout ID="503" />
              <Layout ID="504" />
              <Layout ID="505" />
            </Layouts>
          </Files>
          <LayoutStructureNodes />
        </LayoutStructureNode>
        <LayoutStructureNode Name="Bewehrung" NodeID="855c63c3-42cb-49da-8e08-840a26873712">
          <Files>
            <Layouts>
              <Layout ID="701" />
              <Layout ID="702" />
              <Layout ID="703" />
              <Layout ID="704" />
              <Layout ID="705" />
            </Layouts>
          </Files>
          <LayoutStructureNodes />
        </LayoutStructureNode>
      </LayoutStructureNodes>
    </LayoutStructureNode>
  </LayoutStructureNodes>
</NemetschekLayoutStructure>