﻿<?xml version="1.0" encoding="utf-8"?>
<NemetschekSummary xmlns:xsd="http://www.w3.org/2001/XMLSchema" xmlns:xsi="http://www.w3.org/2001/XMLSchema-instance" NodeID="a144ed07-522f-40b8-831b-50b060712bf9">
  <ViewNodes xmlns="http://tempuri.org/XMLSchema.xsd">
    <ViewNode NodeID="8882a031-918b-4e35-a4a8-54415f8b712e" Name="Ansichten">
      <ViewNodes>
        <ViewNode NodeID="76712272-0dee-46e9-9e7d-91771916f7c9" Name="Nord">
          <View>
            <Destination>
              <File ID="5001" />
              <File ID="5002" />
              <File ID="5003" />
            </Destination>
          </View>
        </ViewNode>
        <ViewNode NodeID="0a8b298b-7d56-4966-a041-7ecff984d95e" Name="Ost">
          <View>
            <Destination>
              <File ID="5011" />
              <File ID="5012" />
              <File ID="5013" />
            </Destination>
          </View>
        </ViewNode>
        <ViewNode NodeID="cb9151f1-07c2-4db1-866a-dc1bd12ad4b7" Name="Süd">
          <View>
            <Destination>
              <File ID="5021" />
              <File ID="5022" />
              <File ID="5023" />
            </Destination>
          </View>
        </ViewNode>
        <ViewNode NodeID="442d9081-9b2c-4104-b5de-b051279deba3" Name="West">
          <View>
            <Destination>
              <File ID="5031" />
              <File ID="5032" />
              <File ID="5033" />
            </Destination>
          </View>
        </ViewNode>
      </ViewNodes>
    </ViewNode>
  </ViewNodes>
  <SectionNodes xmlns="http://tempuri.org/XMLSchema.xsd">
    <SectionNode NodeID="44c43ace-da2f-4831-bb7c-479649a1069e" Name="Schnitte">
      <SectionNodes>
        <SectionNode NodeID="8d1dfde1-8829-4df3-b658-a3eab7301e5a" Name="Schnitt 01">
          <Section>
            <Destination>
              <File ID="6001" />
              <File ID="6002" />
              <File ID="6003" />
            </Destination>
          </Section>
        </SectionNode>
        <SectionNode NodeID="d3c2a9a6-eee3-4ab3-9583-8443877d6b58" Name="Schnitt A">
          <Section>
            <Destination>
              <File ID="6051" />
              <File ID="6052" />
              <File ID="6053" />
            </Destination>
          </Section>
        </SectionNode>
      </SectionNodes>
    </SectionNode>
  </SectionNodes>
  <ListNodes xmlns="http://tempuri.org/XMLSchema.xsd">
    <ListNode NodeID="03a1cccb-b882-455c-a823-b03988ef82fe" Name="Reports">
      <ListNodes>
        <ListNode NodeID="1d8b51fd-fe91-4dca-9508-7d242e17c635" Name="Rohbau">
          <ListNodes>
            <ListNode NodeID="3052a2b1-125c-4b35-b4e4-f7cc4a761873" Name="Übersicht">
              <Attributes>
                <InternalAttribute Key="11E08370-BCF2-4d51-BA8A-B59DE76844C1">
                  <Integer Value="20" />
                </InternalAttribute>
                <InternalAttribute Key="5482AA9E-D8F7-417e-B6C5-48469BF587AD">
                  <Integer />
                </InternalAttribute>
                <InternalAttribute Key="A511D5AE-723B-4e8a-A958-AE3523434108">
                  <Integer Value="513" />
                </InternalAttribute>
                <InternalAttribute Key="BFA09E65-E830-4d11-BC22-88F5BFF5639F">
                  <Integer Value="2" />
                </InternalAttribute>
                <InternalAttribute Key="13A24B74-FB1D-4008-BBEB-FF2C17DF075C">
                  <String Value="Prg\xca2xac.exe" />
                </InternalAttribute>
                <InternalAttribute Key="570CC3B4-8992-49c2-9EE7-4A3CF5906D31">
                  <Integer />
                </InternalAttribute>
                <InternalAttribute Key="2F2201EB-E8A6-4797-AA4F-DB1DF7F10076">
                  <Integer Value="1" />
                </InternalAttribute>
                <InternalAttribute Key="BD63FEE4-8099-4f85-8096-1942B484DC23">
                  <Integer />
                </InternalAttribute>
                <InternalAttribute Key="B800BA95-6372-4075-92E7-6D4BC6DA51EA">
                  <Integer />
                </InternalAttribute>
                <InternalAttribute Key="CE89F54D-9E7E-47f0-9A0A-91A9C5671998">
                  <Integer />
                </InternalAttribute>
                <InternalAttribute Key="CA96402A-96B6-41fb-AA45-B81E4D8B6637">
                  <Decimal Value="3" />
                </InternalAttribute>
                <InternalAttribute Key="A8AAA8B5-7CBE-440a-A66A-AD573BF016C1">
                  <Integer />
                </InternalAttribute>
                <InternalAttribute Key="E9407DA2-AC5E-4648-8991-BF54A7CCE54A">
                  <String Value="\Etc\reports\deu\Objekte\Übersicht Objekte.rdlc" />
                </InternalAttribute>
                <InternalAttribute Key="A5C95245-C610-4d57-9CE8-40982DF7BAE3">
                  <Logical Value="NBS_TRUE" />
                </InternalAttribute>
                <InternalAttribute Key="45BDE3E7-8446-43d8-8F31-BE111A285A99">
                  <IntegerArray>
                    <Value>601</Value>
                    <Value>602</Value>
                    <Value>603</Value>
                    <Value>604</Value>
                    <Value>605</Value>
                    <Value>901</Value>
                    <Value>902</Value>
                    <Value>903</Value>
                    <Value>904</Value>
                    <Value>905</Value>
                    <Value>1001</Value>
                    <Value>1002</Value>
                    <Value>1003</Value>
                    <Value>1004</Value>
                    <Value>1005</Value>
                    <Value>1101</Value>
                    <Value>1102</Value>
                    <Value>1103</Value>
                    <Value>1104</Value>
                    <Value>1105</Value>
                    <Value>1201</Value>
                    <Value>1202</Value>
                    <Value>1203</Value>
                    <Value>1204</Value>
                    <Value>1205</Value>
                    <Value>1301</Value>
                    <Value>1302</Value>
                    <Value>1303</Value>
                    <Value>1304</Value>
                    <Value>1305</Value>
                    <Value>1401</Value>
                    <Value>1402</Value>
                    <Value>1403</Value>
                    <Value>1404</Value>
                    <Value>1405</Value>
                    <Value>1901</Value>
                    <Value>1902</Value>
                    <Value>1903</Value>
                    <Value>1904</Value>
                    <Value>1905</Value>
                  </IntegerArray>
                </InternalAttribute>
                <InternalAttribute Key="266EDDBC-DD70-4907-BD12-4691F04A2E2C">
                  <String Value="C:\Users\mhaeusler\Documents\Nemetschek\Allplan\2020\Usr\Local\i_o\Übersicht.xca" />
                </InternalAttribute>
              </Attributes>
              <List ConfigurationDirectory="" ConfigurationFile="" ConfigurationList="" />
            </ListNode>
            <ListNode NodeID="1b9058e7-eb34-4898-9299-ddad9af7ae27" Name="Wände">
              <Attributes>
                <InternalAttribute Key="11E08370-BCF2-4d51-BA8A-B59DE76844C1">
                  <Integer Value="20" />
                </InternalAttribute>
                <InternalAttribute Key="5482AA9E-D8F7-417e-B6C5-48469BF587AD">
                  <Integer />
                </InternalAttribute>
                <InternalAttribute Key="A511D5AE-723B-4e8a-A958-AE3523434108">
                  <Integer Value="522" />
                </InternalAttribute>
                <InternalAttribute Key="BFA09E65-E830-4d11-BC22-88F5BFF5639F">
                  <Integer />
                </InternalAttribute>
                <InternalAttribute Key="13A24B74-FB1D-4008-BBEB-FF2C17DF075C">
                  <String Value="Prg\xca2xac.exe" />
                </InternalAttribute>
                <InternalAttribute Key="570CC3B4-8992-49c2-9EE7-4A3CF5906D31">
                  <Integer />
                </InternalAttribute>
                <InternalAttribute Key="2F2201EB-E8A6-4797-AA4F-DB1DF7F10076">
                  <Integer Value="1" />
                </InternalAttribute>
                <InternalAttribute Key="BD63FEE4-8099-4f85-8096-1942B484DC23">
                  <Integer />
                </InternalAttribute>
                <InternalAttribute Key="B800BA95-6372-4075-92E7-6D4BC6DA51EA">
                  <Integer />
                </InternalAttribute>
                <InternalAttribute Key="CE89F54D-9E7E-47f0-9A0A-91A9C5671998">
                  <Integer />
                </InternalAttribute>
                <InternalAttribute Key="CA96402A-96B6-41fb-AA45-B81E4D8B6637">
                  <Decimal Value="3" />
                </InternalAttribute>
                <InternalAttribute Key="A8AAA8B5-7CBE-440a-A66A-AD573BF016C1">
                  <Integer />
                </InternalAttribute>
                <InternalAttribute Key="E9407DA2-AC5E-4648-8991-BF54A7CCE54A">
                  <String Value="\Etc\reports\deu\Rohbau\Wände.rdlc" />
                </InternalAttribute>
                <InternalAttribute Key="A5C95245-C610-4d57-9CE8-40982DF7BAE3">
                  <Logical Value="NBS_TRUE" />
                </InternalAttribute>
                <InternalAttribute Key="45BDE3E7-8446-43d8-8F31-BE111A285A99">
                  <IntegerArray>
                    <Value>601</Value>
                    <Value>602</Value>
                    <Value>603</Value>
                    <Value>604</Value>
                    <Value>605</Value>
                    <Value>901</Value>
                    <Value>902</Value>
                    <Value>903</Value>
                    <Value>904</Value>
                    <Value>905</Value>
                    <Value>1001</Value>
                    <Value>1002</Value>
                    <Value>1003</Value>
                    <Value>1004</Value>
                    <Value>1005</Value>
                    <Value>1101</Value>
                    <Value>1102</Value>
                    <Value>1103</Value>
                    <Value>1104</Value>
                    <Value>1105</Value>
                    <Value>1201</Value>
                    <Value>1202</Value>
                    <Value>1203</Value>
                    <Value>1204</Value>
                    <Value>1205</Value>
                    <Value>1301</Value>
                    <Value>1302</Value>
                    <Value>1303</Value>
                    <Value>1304</Value>
                    <Value>1305</Value>
                    <Value>1401</Value>
                    <Value>1402</Value>
                    <Value>1403</Value>
                    <Value>1404</Value>
                    <Value>1405</Value>
                    <Value>1901</Value>
                    <Value>1902</Value>
                    <Value>1903</Value>
                    <Value>1904</Value>
                    <Value>1905</Value>
                  </IntegerArray>
                </InternalAttribute>
              </Attributes>
              <List ConfigurationDirectory="" ConfigurationFile="" ConfigurationList="" />
            </ListNode>
            <ListNode NodeID="ad43206a-23d8-4b1a-88dd-04b2950583a0" Name="Stützen">
              <Attributes>
                <InternalAttribute Key="11E08370-BCF2-4d51-BA8A-B59DE76844C1">
                  <Integer Value="20" />
                </InternalAttribute>
                <InternalAttribute Key="5482AA9E-D8F7-417e-B6C5-48469BF587AD">
                  <Integer />
                </InternalAttribute>
                <InternalAttribute Key="A511D5AE-723B-4e8a-A958-AE3523434108">
                  <Integer Value="523" />
                </InternalAttribute>
                <InternalAttribute Key="BFA09E65-E830-4d11-BC22-88F5BFF5639F">
                  <Integer Value="2" />
                </InternalAttribute>
                <InternalAttribute Key="13A24B74-FB1D-4008-BBEB-FF2C17DF075C">
                  <String Value="Prg\xca2xac.exe" />
                </InternalAttribute>
                <InternalAttribute Key="570CC3B4-8992-49c2-9EE7-4A3CF5906D31">
                  <Integer />
                </InternalAttribute>
                <InternalAttribute Key="2F2201EB-E8A6-4797-AA4F-DB1DF7F10076">
                  <Integer Value="1" />
                </InternalAttribute>
                <InternalAttribute Key="BD63FEE4-8099-4f85-8096-1942B484DC23">
                  <Integer />
                </InternalAttribute>
                <InternalAttribute Key="B800BA95-6372-4075-92E7-6D4BC6DA51EA">
                  <Integer />
                </InternalAttribute>
                <InternalAttribute Key="CE89F54D-9E7E-47f0-9A0A-91A9C5671998">
                  <Integer />
                </InternalAttribute>
                <InternalAttribute Key="CA96402A-96B6-41fb-AA45-B81E4D8B6637">
                  <Decimal Value="3" />
                </InternalAttribute>
                <InternalAttribute Key="A8AAA8B5-7CBE-440a-A66A-AD573BF016C1">
                  <Integer />
                </InternalAttribute>
                <InternalAttribute Key="E9407DA2-AC5E-4648-8991-BF54A7CCE54A">
                  <String Value="\Etc\reports\deu\Rohbau\Stützen.rdlc" />
                </InternalAttribute>
                <InternalAttribute Key="A5C95245-C610-4d57-9CE8-40982DF7BAE3">
                  <Logical Value="NBS_TRUE" />
                </InternalAttribute>
                <InternalAttribute Key="45BDE3E7-8446-43d8-8F31-BE111A285A99">
                  <IntegerArray>
                    <Value>601</Value>
                    <Value>602</Value>
                    <Value>603</Value>
                    <Value>604</Value>
                    <Value>605</Value>
                    <Value>901</Value>
                    <Value>902</Value>
                    <Value>903</Value>
                    <Value>904</Value>
                    <Value>905</Value>
                    <Value>1001</Value>
                    <Value>1002</Value>
                    <Value>1003</Value>
                    <Value>1004</Value>
                    <Value>1005</Value>
                    <Value>1101</Value>
                    <Value>1102</Value>
                    <Value>1103</Value>
                    <Value>1104</Value>
                    <Value>1105</Value>
                    <Value>1201</Value>
                    <Value>1202</Value>
                    <Value>1203</Value>
                    <Value>1204</Value>
                    <Value>1205</Value>
                    <Value>1301</Value>
                    <Value>1302</Value>
                    <Value>1303</Value>
                    <Value>1304</Value>
                    <Value>1305</Value>
                    <Value>1401</Value>
                    <Value>1402</Value>
                    <Value>1403</Value>
                    <Value>1404</Value>
                    <Value>1405</Value>
                    <Value>1901</Value>
                    <Value>1902</Value>
                    <Value>1903</Value>
                    <Value>1904</Value>
                    <Value>1905</Value>
                  </IntegerArray>
                </InternalAttribute>
                <InternalAttribute Key="266EDDBC-DD70-4907-BD12-4691F04A2E2C">
                  <String Value="C:\Users\mhaeusler\Documents\Nemetschek\Allplan\2020\Usr\Local\i_o\Stützen.xca" />
                </InternalAttribute>
              </Attributes>
              <List ConfigurationDirectory="" ConfigurationFile="" ConfigurationList="" />
            </ListNode>
            <ListNode NodeID="cef5ad4f-0649-430e-901e-71da7345d6fe" Name="Decken">
              <Attributes>
                <InternalAttribute Key="11E08370-BCF2-4d51-BA8A-B59DE76844C1">
                  <Integer Value="20" />
                </InternalAttribute>
                <InternalAttribute Key="5482AA9E-D8F7-417e-B6C5-48469BF587AD">
                  <Integer />
                </InternalAttribute>
                <InternalAttribute Key="A511D5AE-723B-4e8a-A958-AE3523434108">
                  <Integer Value="516" />
                </InternalAttribute>
                <InternalAttribute Key="BFA09E65-E830-4d11-BC22-88F5BFF5639F">
                  <Integer />
                </InternalAttribute>
                <InternalAttribute Key="13A24B74-FB1D-4008-BBEB-FF2C17DF075C">
                  <String Value="Prg\xca2xac.exe" />
                </InternalAttribute>
                <InternalAttribute Key="570CC3B4-8992-49c2-9EE7-4A3CF5906D31">
                  <Integer />
                </InternalAttribute>
                <InternalAttribute Key="2F2201EB-E8A6-4797-AA4F-DB1DF7F10076">
                  <Integer Value="1" />
                </InternalAttribute>
                <InternalAttribute Key="BD63FEE4-8099-4f85-8096-1942B484DC23">
                  <Integer />
                </InternalAttribute>
                <InternalAttribute Key="B800BA95-6372-4075-92E7-6D4BC6DA51EA">
                  <Integer />
                </InternalAttribute>
                <InternalAttribute Key="CE89F54D-9E7E-47f0-9A0A-91A9C5671998">
                  <Integer />
                </InternalAttribute>
                <InternalAttribute Key="CA96402A-96B6-41fb-AA45-B81E4D8B6637">
                  <Decimal Value="3" />
                </InternalAttribute>
                <InternalAttribute Key="A8AAA8B5-7CBE-440a-A66A-AD573BF016C1">
                  <Integer />
                </InternalAttribute>
                <InternalAttribute Key="E9407DA2-AC5E-4648-8991-BF54A7CCE54A">
                  <String Value="\Etc\reports\deu\Rohbau\Decken.rdlc" />
                </InternalAttribute>
                <InternalAttribute Key="A5C95245-C610-4d57-9CE8-40982DF7BAE3">
                  <Logical Value="NBS_TRUE" />
                </InternalAttribute>
                <InternalAttribute Key="45BDE3E7-8446-43d8-8F31-BE111A285A99">
                  <IntegerArray>
                    <Value>601</Value>
                    <Value>602</Value>
                    <Value>603</Value>
                    <Value>604</Value>
                    <Value>605</Value>
                    <Value>901</Value>
                    <Value>902</Value>
                    <Value>903</Value>
                    <Value>904</Value>
                    <Value>905</Value>
                    <Value>1001</Value>
                    <Value>1002</Value>
                    <Value>1003</Value>
                    <Value>1004</Value>
                    <Value>1005</Value>
                    <Value>1101</Value>
                    <Value>1102</Value>
                    <Value>1103</Value>
                    <Value>1104</Value>
                    <Value>1105</Value>
                    <Value>1201</Value>
                    <Value>1202</Value>
                    <Value>1203</Value>
                    <Value>1204</Value>
                    <Value>1205</Value>
                    <Value>1301</Value>
                    <Value>1302</Value>
                    <Value>1303</Value>
                    <Value>1304</Value>
                    <Value>1305</Value>
                    <Value>1401</Value>
                    <Value>1402</Value>
                    <Value>1403</Value>
                    <Value>1404</Value>
                    <Value>1405</Value>
                    <Value>1901</Value>
                    <Value>1902</Value>
                    <Value>1903</Value>
                    <Value>1904</Value>
                    <Value>1905</Value>
                  </IntegerArray>
                </InternalAttribute>
              </Attributes>
              <List ConfigurationDirectory="" ConfigurationFile="" ConfigurationList="" />
            </ListNode>
            <ListNode NodeID="01545c8f-21bf-4728-a2ca-d9d077be2079" Name="Fundamente">
              <Attributes>
                <InternalAttribute Key="11E08370-BCF2-4d51-BA8A-B59DE76844C1">
                  <Integer Value="20" />
                </InternalAttribute>
                <InternalAttribute Key="5482AA9E-D8F7-417e-B6C5-48469BF587AD">
                  <Integer />
                </InternalAttribute>
                <InternalAttribute Key="A511D5AE-723B-4e8a-A958-AE3523434108">
                  <Integer Value="517" />
                </InternalAttribute>
                <InternalAttribute Key="BFA09E65-E830-4d11-BC22-88F5BFF5639F">
                  <Integer />
                </InternalAttribute>
                <InternalAttribute Key="13A24B74-FB1D-4008-BBEB-FF2C17DF075C">
                  <String Value="Prg\xca2xac.exe" />
                </InternalAttribute>
                <InternalAttribute Key="570CC3B4-8992-49c2-9EE7-4A3CF5906D31">
                  <Integer />
                </InternalAttribute>
                <InternalAttribute Key="2F2201EB-E8A6-4797-AA4F-DB1DF7F10076">
                  <Integer Value="1" />
                </InternalAttribute>
                <InternalAttribute Key="BD63FEE4-8099-4f85-8096-1942B484DC23">
                  <Integer />
                </InternalAttribute>
                <InternalAttribute Key="B800BA95-6372-4075-92E7-6D4BC6DA51EA">
                  <Integer />
                </InternalAttribute>
                <InternalAttribute Key="CE89F54D-9E7E-47f0-9A0A-91A9C5671998">
                  <Integer />
                </InternalAttribute>
                <InternalAttribute Key="CA96402A-96B6-41fb-AA45-B81E4D8B6637">
                  <Decimal Value="3" />
                </InternalAttribute>
                <InternalAttribute Key="A8AAA8B5-7CBE-440a-A66A-AD573BF016C1">
                  <Integer />
                </InternalAttribute>
                <InternalAttribute Key="E9407DA2-AC5E-4648-8991-BF54A7CCE54A">
                  <String Value="\Etc\reports\deu\Rohbau\Fundamente.rdlc" />
                </InternalAttribute>
                <InternalAttribute Key="A5C95245-C610-4d57-9CE8-40982DF7BAE3">
                  <Logical Value="NBS_TRUE" />
                </InternalAttribute>
                <InternalAttribute Key="45BDE3E7-8446-43d8-8F31-BE111A285A99">
                  <IntegerArray>
                    <Value>601</Value>
                    <Value>602</Value>
                    <Value>603</Value>
                    <Value>604</Value>
                    <Value>605</Value>
                    <Value>901</Value>
                    <Value>902</Value>
                    <Value>903</Value>
                    <Value>904</Value>
                    <Value>905</Value>
                    <Value>1001</Value>
                    <Value>1002</Value>
                    <Value>1003</Value>
                    <Value>1004</Value>
                    <Value>1005</Value>
                    <Value>1101</Value>
                    <Value>1102</Value>
                    <Value>1103</Value>
                    <Value>1104</Value>
                    <Value>1105</Value>
                    <Value>1201</Value>
                    <Value>1202</Value>
                    <Value>1203</Value>
                    <Value>1204</Value>
                    <Value>1205</Value>
                    <Value>1301</Value>
                    <Value>1302</Value>
                    <Value>1303</Value>
                    <Value>1304</Value>
                    <Value>1305</Value>
                    <Value>1401</Value>
                    <Value>1402</Value>
                    <Value>1403</Value>
                    <Value>1404</Value>
                    <Value>1405</Value>
                    <Value>1901</Value>
                    <Value>1902</Value>
                    <Value>1903</Value>
                    <Value>1904</Value>
                    <Value>1905</Value>
                  </IntegerArray>
                </InternalAttribute>
              </Attributes>
              <List ConfigurationDirectory="" ConfigurationFile="" ConfigurationList="" />
            </ListNode>
          </ListNodes>
        </ListNode>
        <ListNode NodeID="041aeb85-0fba-4f78-9f45-a266e5e6d7e7" Name="Ausbau, Raumflächen">
          <ListNodes>
            <ListNode NodeID="a5ac400c-6c69-483b-ae0f-31799576ff1b" Name="Fenster">
              <Attributes>
                <InternalAttribute Key="11E08370-BCF2-4d51-BA8A-B59DE76844C1">
                  <Integer Value="20" />
                </InternalAttribute>
                <InternalAttribute Key="5482AA9E-D8F7-417e-B6C5-48469BF587AD">
                  <Integer />
                </InternalAttribute>
                <InternalAttribute Key="A511D5AE-723B-4e8a-A958-AE3523434108">
                  <Integer Value="777" />
                </InternalAttribute>
                <InternalAttribute Key="BFA09E65-E830-4d11-BC22-88F5BFF5639F">
                  <Integer />
                </InternalAttribute>
                <InternalAttribute Key="13A24B74-FB1D-4008-BBEB-FF2C17DF075C">
                  <String Value="Prg\xca2xac.exe" />
                </InternalAttribute>
                <InternalAttribute Key="570CC3B4-8992-49c2-9EE7-4A3CF5906D31">
                  <Integer />
                </InternalAttribute>
                <InternalAttribute Key="2F2201EB-E8A6-4797-AA4F-DB1DF7F10076">
                  <Integer Value="1" />
                </InternalAttribute>
                <InternalAttribute Key="BD63FEE4-8099-4f85-8096-1942B484DC23">
                  <Integer />
                </InternalAttribute>
                <InternalAttribute Key="B800BA95-6372-4075-92E7-6D4BC6DA51EA">
                  <Integer />
                </InternalAttribute>
                <InternalAttribute Key="CE89F54D-9E7E-47f0-9A0A-91A9C5671998">
                  <Integer />
                </InternalAttribute>
                <InternalAttribute Key="CA96402A-96B6-41fb-AA45-B81E4D8B6637">
                  <Decimal Value="3" />
                </InternalAttribute>
                <InternalAttribute Key="A8AAA8B5-7CBE-440a-A66A-AD573BF016C1">
                  <Integer />
                </InternalAttribute>
                <InternalAttribute Key="E9407DA2-AC5E-4648-8991-BF54A7CCE54A">
                  <String Value="\Etc\reports\deu\Ausbau\Fenster, Türen\Fenster.rdlc" />
                </InternalAttribute>
                <InternalAttribute Key="A5C95245-C610-4d57-9CE8-40982DF7BAE3">
                  <Logical Value="NBS_TRUE" />
                </InternalAttribute>
                <InternalAttribute Key="45BDE3E7-8446-43d8-8F31-BE111A285A99">
                  <IntegerArray>
                    <Value>601</Value>
                    <Value>602</Value>
                    <Value>603</Value>
                    <Value>604</Value>
                    <Value>605</Value>
                    <Value>901</Value>
                    <Value>902</Value>
                    <Value>903</Value>
                    <Value>904</Value>
                    <Value>905</Value>
                    <Value>1001</Value>
                    <Value>1002</Value>
                    <Value>1003</Value>
                    <Value>1004</Value>
                    <Value>1005</Value>
                    <Value>1101</Value>
                    <Value>1102</Value>
                    <Value>1103</Value>
                    <Value>1104</Value>
                    <Value>1105</Value>
                    <Value>1201</Value>
                    <Value>1202</Value>
                    <Value>1203</Value>
                    <Value>1204</Value>
                    <Value>1205</Value>
                    <Value>1301</Value>
                    <Value>1302</Value>
                    <Value>1303</Value>
                    <Value>1304</Value>
                    <Value>1305</Value>
                    <Value>1401</Value>
                    <Value>1402</Value>
                    <Value>1403</Value>
                    <Value>1404</Value>
                    <Value>1405</Value>
                    <Value>1901</Value>
                    <Value>1902</Value>
                    <Value>1903</Value>
                    <Value>1904</Value>
                    <Value>1905</Value>
                  </IntegerArray>
                </InternalAttribute>
              </Attributes>
              <List ConfigurationDirectory="" ConfigurationFile="" ConfigurationList="" />
            </ListNode>
            <ListNode NodeID="957422d6-0c91-4cd8-8ec2-13e4be95d741" Name="Türen">
              <Attributes>
                <InternalAttribute Key="11E08370-BCF2-4d51-BA8A-B59DE76844C1">
                  <Integer Value="20" />
                </InternalAttribute>
                <InternalAttribute Key="5482AA9E-D8F7-417e-B6C5-48469BF587AD">
                  <Integer />
                </InternalAttribute>
                <InternalAttribute Key="A511D5AE-723B-4e8a-A958-AE3523434108">
                  <Integer Value="778" />
                </InternalAttribute>
                <InternalAttribute Key="BFA09E65-E830-4d11-BC22-88F5BFF5639F">
                  <Integer />
                </InternalAttribute>
                <InternalAttribute Key="13A24B74-FB1D-4008-BBEB-FF2C17DF075C">
                  <String Value="Prg\xca2xac.exe" />
                </InternalAttribute>
                <InternalAttribute Key="570CC3B4-8992-49c2-9EE7-4A3CF5906D31">
                  <Integer />
                </InternalAttribute>
                <InternalAttribute Key="2F2201EB-E8A6-4797-AA4F-DB1DF7F10076">
                  <Integer Value="1" />
                </InternalAttribute>
                <InternalAttribute Key="BD63FEE4-8099-4f85-8096-1942B484DC23">
                  <Integer />
                </InternalAttribute>
                <InternalAttribute Key="B800BA95-6372-4075-92E7-6D4BC6DA51EA">
                  <Integer />
                </InternalAttribute>
                <InternalAttribute Key="CE89F54D-9E7E-47f0-9A0A-91A9C5671998">
                  <Integer />
                </InternalAttribute>
                <InternalAttribute Key="CA96402A-96B6-41fb-AA45-B81E4D8B6637">
                  <Decimal Value="3" />
                </InternalAttribute>
                <InternalAttribute Key="A8AAA8B5-7CBE-440a-A66A-AD573BF016C1">
                  <Integer />
                </InternalAttribute>
                <InternalAttribute Key="E9407DA2-AC5E-4648-8991-BF54A7CCE54A">
                  <String Value="\Etc\reports\deu\Ausbau\Fenster, Türen\Türen.rdlc" />
                </InternalAttribute>
                <InternalAttribute Key="A5C95245-C610-4d57-9CE8-40982DF7BAE3">
                  <Logical Value="NBS_TRUE" />
                </InternalAttribute>
                <InternalAttribute Key="45BDE3E7-8446-43d8-8F31-BE111A285A99">
                  <IntegerArray>
                    <Value>601</Value>
                    <Value>602</Value>
                    <Value>603</Value>
                    <Value>604</Value>
                    <Value>605</Value>
                    <Value>901</Value>
                    <Value>902</Value>
                    <Value>903</Value>
                    <Value>904</Value>
                    <Value>905</Value>
                    <Value>1001</Value>
                    <Value>1002</Value>
                    <Value>1003</Value>
                    <Value>1004</Value>
                    <Value>1005</Value>
                    <Value>1101</Value>
                    <Value>1102</Value>
                    <Value>1103</Value>
                    <Value>1104</Value>
                    <Value>1105</Value>
                    <Value>1201</Value>
                    <Value>1202</Value>
                    <Value>1203</Value>
                    <Value>1204</Value>
                    <Value>1205</Value>
                    <Value>1301</Value>
                    <Value>1302</Value>
                    <Value>1303</Value>
                    <Value>1304</Value>
                    <Value>1305</Value>
                    <Value>1401</Value>
                    <Value>1402</Value>
                    <Value>1403</Value>
                    <Value>1404</Value>
                    <Value>1405</Value>
                    <Value>1901</Value>
                    <Value>1902</Value>
                    <Value>1903</Value>
                    <Value>1904</Value>
                    <Value>1905</Value>
                  </IntegerArray>
                </InternalAttribute>
              </Attributes>
              <List ConfigurationDirectory="" ConfigurationFile="" ConfigurationList="" />
            </ListNode>
            <ListNode NodeID="1f9bc51d-ffcc-45e9-a7aa-076f9f319f05" Name="Putz- und Stuckarbeiten">
              <Attributes>
                <InternalAttribute Key="11E08370-BCF2-4d51-BA8A-B59DE76844C1">
                  <Integer Value="20" />
                </InternalAttribute>
                <InternalAttribute Key="5482AA9E-D8F7-417e-B6C5-48469BF587AD">
                  <Integer />
                </InternalAttribute>
                <InternalAttribute Key="A511D5AE-723B-4e8a-A958-AE3523434108">
                  <Integer Value="1288" />
                </InternalAttribute>
                <InternalAttribute Key="BFA09E65-E830-4d11-BC22-88F5BFF5639F">
                  <Integer />
                </InternalAttribute>
                <InternalAttribute Key="13A24B74-FB1D-4008-BBEB-FF2C17DF075C">
                  <String Value="Prg\xca2xac.exe" />
                </InternalAttribute>
                <InternalAttribute Key="570CC3B4-8992-49c2-9EE7-4A3CF5906D31">
                  <Integer />
                </InternalAttribute>
                <InternalAttribute Key="2F2201EB-E8A6-4797-AA4F-DB1DF7F10076">
                  <Integer Value="1" />
                </InternalAttribute>
                <InternalAttribute Key="BD63FEE4-8099-4f85-8096-1942B484DC23">
                  <Integer />
                </InternalAttribute>
                <InternalAttribute Key="B800BA95-6372-4075-92E7-6D4BC6DA51EA">
                  <Integer />
                </InternalAttribute>
                <InternalAttribute Key="CE89F54D-9E7E-47f0-9A0A-91A9C5671998">
                  <Integer />
                </InternalAttribute>
                <InternalAttribute Key="CA96402A-96B6-41fb-AA45-B81E4D8B6637">
                  <Decimal Value="3" />
                </InternalAttribute>
                <InternalAttribute Key="A8AAA8B5-7CBE-440a-A66A-AD573BF016C1">
                  <Integer />
                </InternalAttribute>
                <InternalAttribute Key="E9407DA2-AC5E-4648-8991-BF54A7CCE54A">
                  <String Value="\Etc\reports\deu\Gewerke\Putz- und Stuckarbeiten\Putz- und Stuckarbeiten.rdlc" />
                </InternalAttribute>
                <InternalAttribute Key="A5C95245-C610-4d57-9CE8-40982DF7BAE3">
                  <Logical Value="NBS_TRUE" />
                </InternalAttribute>
                <InternalAttribute Key="45BDE3E7-8446-43d8-8F31-BE111A285A99">
                  <IntegerArray>
                    <Value>501</Value>
                    <Value>502</Value>
                    <Value>503</Value>
                    <Value>504</Value>
                    <Value>505</Value>
                    <Value>601</Value>
                    <Value>602</Value>
                    <Value>603</Value>
                    <Value>604</Value>
                    <Value>605</Value>
                    <Value>901</Value>
                    <Value>902</Value>
                    <Value>903</Value>
                    <Value>904</Value>
                    <Value>905</Value>
                    <Value>1001</Value>
                    <Value>1002</Value>
                    <Value>1003</Value>
                    <Value>1004</Value>
                    <Value>1005</Value>
                    <Value>1101</Value>
                    <Value>1102</Value>
                    <Value>1103</Value>
                    <Value>1104</Value>
                    <Value>1105</Value>
                    <Value>1201</Value>
                    <Value>1202</Value>
                    <Value>1203</Value>
                    <Value>1204</Value>
                    <Value>1205</Value>
                    <Value>1301</Value>
                    <Value>1302</Value>
                    <Value>1303</Value>
                    <Value>1304</Value>
                    <Value>1305</Value>
                    <Value>1401</Value>
                    <Value>1402</Value>
                    <Value>1403</Value>
                    <Value>1404</Value>
                    <Value>1405</Value>
                    <Value>1901</Value>
                    <Value>1902</Value>
                    <Value>1903</Value>
                    <Value>1904</Value>
                    <Value>1905</Value>
                  </IntegerArray>
                </InternalAttribute>
              </Attributes>
              <List ConfigurationDirectory="" ConfigurationFile="" ConfigurationList="" />
            </ListNode>
            <ListNode NodeID="087d49ac-7fb7-486d-ab5f-2e164089e406" Name="Estricharbeiten">
              <Attributes>
                <InternalAttribute Key="11E08370-BCF2-4d51-BA8A-B59DE76844C1">
                  <Integer Value="20" />
                </InternalAttribute>
                <InternalAttribute Key="5482AA9E-D8F7-417e-B6C5-48469BF587AD">
                  <Integer />
                </InternalAttribute>
                <InternalAttribute Key="A511D5AE-723B-4e8a-A958-AE3523434108">
                  <Integer Value="1284" />
                </InternalAttribute>
                <InternalAttribute Key="BFA09E65-E830-4d11-BC22-88F5BFF5639F">
                  <Integer />
                </InternalAttribute>
                <InternalAttribute Key="13A24B74-FB1D-4008-BBEB-FF2C17DF075C">
                  <String Value="Prg\xca2xac.exe" />
                </InternalAttribute>
                <InternalAttribute Key="570CC3B4-8992-49c2-9EE7-4A3CF5906D31">
                  <Integer />
                </InternalAttribute>
                <InternalAttribute Key="2F2201EB-E8A6-4797-AA4F-DB1DF7F10076">
                  <Integer Value="1" />
                </InternalAttribute>
                <InternalAttribute Key="BD63FEE4-8099-4f85-8096-1942B484DC23">
                  <Integer />
                </InternalAttribute>
                <InternalAttribute Key="B800BA95-6372-4075-92E7-6D4BC6DA51EA">
                  <Integer />
                </InternalAttribute>
                <InternalAttribute Key="CE89F54D-9E7E-47f0-9A0A-91A9C5671998">
                  <Integer />
                </InternalAttribute>
                <InternalAttribute Key="CA96402A-96B6-41fb-AA45-B81E4D8B6637">
                  <Decimal Value="3" />
                </InternalAttribute>
                <InternalAttribute Key="A8AAA8B5-7CBE-440a-A66A-AD573BF016C1">
                  <Integer />
                </InternalAttribute>
                <InternalAttribute Key="E9407DA2-AC5E-4648-8991-BF54A7CCE54A">
                  <String Value="\Etc\reports\deu\Gewerke\Estricharbeiten.rdlc" />
                </InternalAttribute>
                <InternalAttribute Key="A5C95245-C610-4d57-9CE8-40982DF7BAE3">
                  <Logical Value="NBS_TRUE" />
                </InternalAttribute>
                <InternalAttribute Key="45BDE3E7-8446-43d8-8F31-BE111A285A99">
                  <IntegerArray>
                    <Value>601</Value>
                    <Value>602</Value>
                    <Value>603</Value>
                    <Value>604</Value>
                    <Value>605</Value>
                    <Value>901</Value>
                    <Value>902</Value>
                    <Value>903</Value>
                    <Value>904</Value>
                    <Value>905</Value>
                    <Value>1001</Value>
                    <Value>1002</Value>
                    <Value>1003</Value>
                    <Value>1004</Value>
                    <Value>1005</Value>
                    <Value>1101</Value>
                    <Value>1102</Value>
                    <Value>1103</Value>
                    <Value>1104</Value>
                    <Value>1105</Value>
                    <Value>1201</Value>
                    <Value>1202</Value>
                    <Value>1203</Value>
                    <Value>1204</Value>
                    <Value>1205</Value>
                    <Value>1301</Value>
                    <Value>1302</Value>
                    <Value>1303</Value>
                    <Value>1304</Value>
                    <Value>1305</Value>
                    <Value>1401</Value>
                    <Value>1402</Value>
                    <Value>1403</Value>
                    <Value>1404</Value>
                    <Value>1405</Value>
                    <Value>1901</Value>
                    <Value>1902</Value>
                    <Value>1903</Value>
                    <Value>1904</Value>
                    <Value>1905</Value>
                  </IntegerArray>
                </InternalAttribute>
              </Attributes>
              <List ConfigurationDirectory="" ConfigurationFile="" ConfigurationList="" />
            </ListNode>
          </ListNodes>
        </ListNode>
        <ListNode NodeID="407e5b67-1a55-4c01-9cb9-b86c4e9265ef" Name="Wohnfläche, NGF">
          <ListNodes>
            <ListNode NodeID="0ad8ebbb-c68e-452e-80ee-c583d55f4d13" Name="Wohnfläche">
              <Attributes>
                <InternalAttribute Key="11E08370-BCF2-4d51-BA8A-B59DE76844C1">
                  <Integer Value="20" />
                </InternalAttribute>
                <InternalAttribute Key="5482AA9E-D8F7-417e-B6C5-48469BF587AD">
                  <Integer />
                </InternalAttribute>
                <InternalAttribute Key="A511D5AE-723B-4e8a-A958-AE3523434108">
                  <Integer Value="257" />
                </InternalAttribute>
                <InternalAttribute Key="BFA09E65-E830-4d11-BC22-88F5BFF5639F">
                  <Integer />
                </InternalAttribute>
                <InternalAttribute Key="13A24B74-FB1D-4008-BBEB-FF2C17DF075C">
                  <String Value="Prg\xca2xac.exe" />
                </InternalAttribute>
                <InternalAttribute Key="570CC3B4-8992-49c2-9EE7-4A3CF5906D31">
                  <Integer />
                </InternalAttribute>
                <InternalAttribute Key="2F2201EB-E8A6-4797-AA4F-DB1DF7F10076">
                  <Integer Value="1" />
                </InternalAttribute>
                <InternalAttribute Key="BD63FEE4-8099-4f85-8096-1942B484DC23">
                  <Integer />
                </InternalAttribute>
                <InternalAttribute Key="B800BA95-6372-4075-92E7-6D4BC6DA51EA">
                  <Integer />
                </InternalAttribute>
                <InternalAttribute Key="CE89F54D-9E7E-47f0-9A0A-91A9C5671998">
                  <Integer Value="1" />
                </InternalAttribute>
                <InternalAttribute Key="CA96402A-96B6-41fb-AA45-B81E4D8B6637">
                  <Decimal Value="3" />
                </InternalAttribute>
                <InternalAttribute Key="A8AAA8B5-7CBE-440a-A66A-AD573BF016C1">
                  <Integer Value="2" />
                </InternalAttribute>
                <InternalAttribute Key="E9407DA2-AC5E-4648-8991-BF54A7CCE54A">
                  <String Value="\Etc\reports\deu\Räume, Flächen, Geschosse\Wohnflächen\Wohnflächen.rdlc" />
                </InternalAttribute>
                <InternalAttribute Key="A5C95245-C610-4d57-9CE8-40982DF7BAE3">
                  <Logical Value="NBS_TRUE" />
                </InternalAttribute>
                <InternalAttribute Key="45BDE3E7-8446-43d8-8F31-BE111A285A99">
                  <IntegerArray>
                    <Value>601</Value>
                    <Value>602</Value>
                    <Value>603</Value>
                    <Value>604</Value>
                    <Value>605</Value>
                    <Value>901</Value>
                    <Value>902</Value>
                    <Value>903</Value>
                    <Value>904</Value>
                    <Value>905</Value>
                    <Value>1001</Value>
                    <Value>1002</Value>
                    <Value>1003</Value>
                    <Value>1004</Value>
                    <Value>1005</Value>
                    <Value>1101</Value>
                    <Value>1102</Value>
                    <Value>1103</Value>
                    <Value>1104</Value>
                    <Value>1105</Value>
                    <Value>1201</Value>
                    <Value>1202</Value>
                    <Value>1203</Value>
                    <Value>1204</Value>
                    <Value>1205</Value>
                    <Value>1301</Value>
                    <Value>1302</Value>
                    <Value>1303</Value>
                    <Value>1304</Value>
                    <Value>1305</Value>
                    <Value>1401</Value>
                    <Value>1402</Value>
                    <Value>1403</Value>
                    <Value>1404</Value>
                    <Value>1405</Value>
                    <Value>1901</Value>
                    <Value>1902</Value>
                    <Value>1903</Value>
                    <Value>1904</Value>
                    <Value>1905</Value>
                  </IntegerArray>
                </InternalAttribute>
              </Attributes>
              <List ConfigurationDirectory="" ConfigurationFile="" ConfigurationList="" />
            </ListNode>
            <ListNode NodeID="609e52a6-bb23-44c7-8cf5-76aef7f6eb5e" Name="Wohn-, Zubehörfläche">
              <Attributes>
                <InternalAttribute Key="11E08370-BCF2-4d51-BA8A-B59DE76844C1">
                  <Integer Value="20" />
                </InternalAttribute>
                <InternalAttribute Key="5482AA9E-D8F7-417e-B6C5-48469BF587AD">
                  <Integer />
                </InternalAttribute>
                <InternalAttribute Key="A511D5AE-723B-4e8a-A958-AE3523434108">
                  <Integer Value="257" />
                </InternalAttribute>
                <InternalAttribute Key="BFA09E65-E830-4d11-BC22-88F5BFF5639F">
                  <Integer />
                </InternalAttribute>
                <InternalAttribute Key="13A24B74-FB1D-4008-BBEB-FF2C17DF075C">
                  <String Value="Prg\xca2xac.exe" />
                </InternalAttribute>
                <InternalAttribute Key="570CC3B4-8992-49c2-9EE7-4A3CF5906D31">
                  <Integer />
                </InternalAttribute>
                <InternalAttribute Key="2F2201EB-E8A6-4797-AA4F-DB1DF7F10076">
                  <Integer Value="1" />
                </InternalAttribute>
                <InternalAttribute Key="BD63FEE4-8099-4f85-8096-1942B484DC23">
                  <Integer />
                </InternalAttribute>
                <InternalAttribute Key="B800BA95-6372-4075-92E7-6D4BC6DA51EA">
                  <Integer />
                </InternalAttribute>
                <InternalAttribute Key="CE89F54D-9E7E-47f0-9A0A-91A9C5671998">
                  <Integer Value="1" />
                </InternalAttribute>
                <InternalAttribute Key="CA96402A-96B6-41fb-AA45-B81E4D8B6637">
                  <Decimal Value="3" />
                </InternalAttribute>
                <InternalAttribute Key="A8AAA8B5-7CBE-440a-A66A-AD573BF016C1">
                  <Integer Value="2" />
                </InternalAttribute>
                <InternalAttribute Key="E9407DA2-AC5E-4648-8991-BF54A7CCE54A">
                  <String Value="\Etc\reports\deu\Räume, Flächen, Geschosse\Wohnflächen\Wohn- und Zubehörflächen.rdlc" />
                </InternalAttribute>
                <InternalAttribute Key="A5C95245-C610-4d57-9CE8-40982DF7BAE3">
                  <Logical Value="NBS_TRUE" />
                </InternalAttribute>
                <InternalAttribute Key="45BDE3E7-8446-43d8-8F31-BE111A285A99">
                  <IntegerArray>
                    <Value>601</Value>
                    <Value>602</Value>
                    <Value>603</Value>
                    <Value>604</Value>
                    <Value>605</Value>
                    <Value>901</Value>
                    <Value>902</Value>
                    <Value>903</Value>
                    <Value>904</Value>
                    <Value>905</Value>
                    <Value>1001</Value>
                    <Value>1002</Value>
                    <Value>1003</Value>
                    <Value>1004</Value>
                    <Value>1005</Value>
                    <Value>1101</Value>
                    <Value>1102</Value>
                    <Value>1103</Value>
                    <Value>1104</Value>
                    <Value>1105</Value>
                    <Value>1201</Value>
                    <Value>1202</Value>
                    <Value>1203</Value>
                    <Value>1204</Value>
                    <Value>1205</Value>
                    <Value>1301</Value>
                    <Value>1302</Value>
                    <Value>1303</Value>
                    <Value>1304</Value>
                    <Value>1305</Value>
                    <Value>1401</Value>
                    <Value>1402</Value>
                    <Value>1403</Value>
                    <Value>1404</Value>
                    <Value>1405</Value>
                    <Value>1901</Value>
                    <Value>1902</Value>
                    <Value>1903</Value>
                    <Value>1904</Value>
                    <Value>1905</Value>
                  </IntegerArray>
                </InternalAttribute>
              </Attributes>
              <List ConfigurationDirectory="" ConfigurationFile="" ConfigurationList="" />
            </ListNode>
            <ListNode NodeID="da256136-8874-4e6b-a497-c3234653a4a9" Name="NGF nach DIN277">
              <Attributes>
                <InternalAttribute Key="11E08370-BCF2-4d51-BA8A-B59DE76844C1">
                  <Integer Value="20" />
                </InternalAttribute>
                <InternalAttribute Key="5482AA9E-D8F7-417e-B6C5-48469BF587AD">
                  <Integer />
                </InternalAttribute>
                <InternalAttribute Key="A511D5AE-723B-4e8a-A958-AE3523434108">
                  <Integer Value="257" />
                </InternalAttribute>
                <InternalAttribute Key="BFA09E65-E830-4d11-BC22-88F5BFF5639F">
                  <Integer />
                </InternalAttribute>
                <InternalAttribute Key="13A24B74-FB1D-4008-BBEB-FF2C17DF075C">
                  <String Value="Prg\xca2xac.exe" />
                </InternalAttribute>
                <InternalAttribute Key="570CC3B4-8992-49c2-9EE7-4A3CF5906D31">
                  <Integer />
                </InternalAttribute>
                <InternalAttribute Key="2F2201EB-E8A6-4797-AA4F-DB1DF7F10076">
                  <Integer Value="1" />
                </InternalAttribute>
                <InternalAttribute Key="BD63FEE4-8099-4f85-8096-1942B484DC23">
                  <Integer />
                </InternalAttribute>
                <InternalAttribute Key="B800BA95-6372-4075-92E7-6D4BC6DA51EA">
                  <Integer />
                </InternalAttribute>
                <InternalAttribute Key="CE89F54D-9E7E-47f0-9A0A-91A9C5671998">
                  <Integer Value="1" />
                </InternalAttribute>
                <InternalAttribute Key="CA96402A-96B6-41fb-AA45-B81E4D8B6637">
                  <Decimal Value="3" />
                </InternalAttribute>
                <InternalAttribute Key="A8AAA8B5-7CBE-440a-A66A-AD573BF016C1">
                  <Integer />
                </InternalAttribute>
                <InternalAttribute Key="E9407DA2-AC5E-4648-8991-BF54A7CCE54A">
                  <String Value="\Etc\reports\deu\Räume, Flächen, Geschosse\DIN277\Übersicht Netto-Grundflächen.rdlc" />
                </InternalAttribute>
                <InternalAttribute Key="A5C95245-C610-4d57-9CE8-40982DF7BAE3">
                  <Logical Value="NBS_TRUE" />
                </InternalAttribute>
                <InternalAttribute Key="45BDE3E7-8446-43d8-8F31-BE111A285A99">
                  <IntegerArray>
                    <Value>601</Value>
                    <Value>602</Value>
                    <Value>603</Value>
                    <Value>604</Value>
                    <Value>605</Value>
                    <Value>901</Value>
                    <Value>902</Value>
                    <Value>903</Value>
                    <Value>904</Value>
                    <Value>905</Value>
                    <Value>1001</Value>
                    <Value>1002</Value>
                    <Value>1003</Value>
                    <Value>1004</Value>
                    <Value>1005</Value>
                    <Value>1101</Value>
                    <Value>1102</Value>
                    <Value>1103</Value>
                    <Value>1104</Value>
                    <Value>1105</Value>
                    <Value>1201</Value>
                    <Value>1202</Value>
                    <Value>1203</Value>
                    <Value>1204</Value>
                    <Value>1205</Value>
                    <Value>1301</Value>
                    <Value>1302</Value>
                    <Value>1303</Value>
                    <Value>1304</Value>
                    <Value>1305</Value>
                    <Value>1401</Value>
                    <Value>1402</Value>
                    <Value>1403</Value>
                    <Value>1404</Value>
                    <Value>1405</Value>
                    <Value>1901</Value>
                    <Value>1902</Value>
                    <Value>1903</Value>
                    <Value>1904</Value>
                    <Value>1905</Value>
                  </IntegerArray>
                </InternalAttribute>
              </Attributes>
              <List ConfigurationDirectory="" ConfigurationFile="" ConfigurationList="" />
            </ListNode>
          </ListNodes>
        </ListNode>
      </ListNodes>
    </ListNode>
  </ListNodes>
</NemetschekSummary>