﻿<?xml version="1.0" encoding="utf-8"?>
<AttributeSetCollection xmlns:xsd="http://www.w3.org/2001/XMLSchema" xmlns:xsi="http://www.w3.org/2001/XMLSchema-instance" Type="Roof" Guid="6cb7c4f3-fe1a-473a-a4a7-31acdaff1926" CurrentVersion="1.0.0.0" Etag="&quot;7d64ab29-f6f0-489b-8050-22244eda05f5&quot;">
    <AttributeSetDefinition Uid="c5c33e5e-6dfb-4057-a0d4-c46988769026" Text="RoofCommon">
        <Attributes>
            <AttributeValue Uid="a74b62d6-6bdd-4526-8c25-7f3f771f692f" Ifnr="18222" Text="Reference" />
            <AttributeValue Uid="bf50f942-0720-46dc-a9e4-29972ff25e99" Ifnr="49" Text="Status" />
            <AttributeValue Uid="7a92ed54-6c33-4e79-a79f-9ec216d4c43a" Ifnr="1373" Text="Schallschutzklasse" />
            <AttributeValue Uid="ca505c51-56d3-44ec-bae4-d362e903a08a" Ifnr="935" Text="Feuerwiderstandsklasse" />
            <AttributeValue Uid="741dc9c6-22bf-461d-a357-49380f515615" Ifnr="618" Text="Außenbauteil" />
            <AttributeValue Uid="8f2fab67-8b8b-4e7d-be52-e6fb3c48af84" Ifnr="981" Text="U-Wert" />
        </Attributes>
    </AttributeSetDefinition>
    <AttributeSetDefinition Uid="a0b7247b-53ce-4ed6-9741-aa6412aab718" Text="AsiQ_RoofSpecificQuantities">
        <Attributes>
            <AttributeValue Uid="70eb68d9-ab84-4575-8702-d12e15a536cc" Ifnr="226" Text="Nettovolumen" />
            <AttributeValue Uid="5887d922-e168-450f-aaf4-308d96aafb6f" Ifnr="223" Text="Volumen" />
        </Attributes>
    </AttributeSetDefinition>	
</AttributeSetCollection>