﻿<?xml version="1.0" encoding="utf-8"?>
<AttributeSetCollection xmlns:xsd="http://www.w3.org/2001/XMLSchema" xmlns:xsi="http://www.w3.org/2001/XMLSchema-instance" Type="WallLayer" Guid="cbe76618-9ac5-4600-afa2-cfad331be043" CurrentVersion="1.0.0.0" Etag="&quot;ee941cc4-1050-41bf-8cb8-22069b18abd5&quot;">
    <AttributeSetDefinition Uid="4536f7f0-ec6d-4c5e-b267-b6010c4c1d12" Text="WallCommon">
        <Attributes>
            <AttributeValue Uid="a74b62d6-6bdd-4526-8c25-7f3f771f692f" Ifnr="18222" Text="Reference" />
            <AttributeValue Uid="741dc9c6-22bf-461d-a357-49380f515615" Ifnr="618" Text="Außenbauteil" />
            <AttributeValue Uid="bf50f942-0720-46dc-a9e4-29972ff25e99" Ifnr="49" Text="Status" />
            <AttributeValue Uid="7a92ed54-6c33-4e79-a79f-9ec216d4c43a" Ifnr="1373" Text="Schallschutzklasse" />
            <AttributeValue Uid="ca505c51-56d3-44ec-bae4-d362e903a08a" Ifnr="935" Text="Feuerwiderstandsklasse" />
            <AttributeValue Uid="638dd460-149f-4bcc-a8cf-e35695a41c5f" Ifnr="1371" Text="Brennbar" />
            <AttributeValue Uid="5b25ffc8-84f3-4fed-abf9-68a3d058f852" Ifnr="1372" Text="Brandverhalten" />
            <AttributeValue Uid="9d6f22ae-ddd4-4279-b703-7b31edf183fc" Ifnr="1396" Text="Brandabschnittsdefinierend" />
            <AttributeValue Uid="8f2fab67-8b8b-4e7d-be52-e6fb3c48af84" Ifnr="981" Text="U-Wert" />
            <AttributeValue Uid="029d087e-ab02-4b5e-b7d6-b341d5d4e3d9" Ifnr="1442" Text="Raumhohe Wand" />
            <AttributeValue Uid="3c9667ea-655e-42c4-9fd8-e2a6e5c181eb" Ifnr="573" Text="Tragendes Bauteil" />
        </Attributes>
    </AttributeSetDefinition>
    <AttributeSetDefinition Uid="4e9b7e3d-5114-4c67-8269-58c13980034c" Text="Material">
        <Attributes>
            <AttributeValue Uid="c0f7d432-6f66-4f1a-adab-717e5fa299c1" Ifnr="508" Text="Material" />
            <AttributeValue Uid="dedc263e-2ecf-455e-ac85-6ca0a7372a08" Ifnr="209" Text="Gewerk" />
            <AttributeValue Uid="f671efb1-1bfd-4ae8-b621-2c516bd9cbb1" Ifnr="207" Text="Kurztext" />
            <AttributeValue Uid="22cede65-ffa0-4d36-acf4-159bb257d629" Ifnr="657" Text="Lambda_Wert" />
            <AttributeValue Uid="1ba1bf5b-0a9e-409f-95b3-5fd4fd90e4f2" Ifnr="180" Text="Bedingungsstring" />	
        </Attributes>
    </AttributeSetDefinition>
    <AttributeSetDefinition Uid="ddc8fe40-b23b-416d-9148-56868fb62ba2" Text="07 Beton- u.Stahlbetonarbeiten">
        <Attributes>
            <AttributeValue Uid="6c9208b9-c312-4fcd-a83d-bab50915f490" Ifnr="24001" Text="Stab" />
            <AttributeValue Uid="7f5c8a52-f06c-4b8e-8e60-c6fd2f241e62" Ifnr="24007" Text="Matten" />
            <AttributeValue Uid="26a34328-140c-4339-a0e7-606fb1b76516" Ifnr="24156" Text="Schalung einseitig" />
            <AttributeValue Uid="70f843ad-5688-4a76-b73e-2211fa2c7a15" Ifnr="24012" Text="Expositionsklasse_C" />
        </Attributes>
    </AttributeSetDefinition>
    <AttributeSetDefinition Uid="9fb3077e-e5ab-4ae4-a962-edbf90787c38" Text="08 Mauerarbeiten">
        <Attributes>
            <AttributeValue Uid="f3c58d22-05f0-4698-be07-afbd51e5b9ba" Ifnr="24143" Text="Ausführung_Z" />
        </Attributes>
    </AttributeSetDefinition>
    <AttributeSetDefinition Uid="52cc49c1-775f-4742-bf0c-e2c1948ea941" Text="WallBaseQuantities">
        <Attributes>
            <AttributeValue Uid="0b577d5f-ffa7-4cd5-8b83-b659835ae6dd" Ifnr="221" Text="Dicke" />	
            <AttributeValue Uid="c8dea5b5-4363-41b3-a68a-df4f414a3d5f" Ifnr="222" Text="Höhe" />			 
			<AttributeValue Uid="f32b5ea8-fc02-4fdb-a20f-7a8e260a191c" Ifnr="229" Text="Fläche" />
			<AttributeValue Uid="70eb68d9-ab84-4575-8702-d12e15a536cc" Ifnr="226" Text="Nettovolumen" />			
			<AttributeValue Uid="0f1bf4dd-901c-4772-90b0-7817e3fe3d4d" Ifnr="220" Text="Länge" />	
            <AttributeValue Uid="5f01c1c6-8d5a-493d-adda-f687812d14b0" Ifnr="574" Text="Material Bauphysik" />				
            <AttributeValue Uid="90dc4fde-a081-4575-bb46-87fe3f845e9b" Ifnr="24037" Text="Nachhaltigkeit GWP" />			
            <AttributeValue Uid="4cd16ff7-b076-4c20-84a7-78abe029cc53" Ifnr="897" Text="Rohdichte" />			
            <AttributeValue Uid="986d11f7-ccc4-4e23-a31d-fa480bf20918" Ifnr="24036" Text="Nachhaltigkeit" />	
            <AttributeValue Uid="7cccc1cf-056c-4449-8f9e-f9390d49b0d5" Ifnr="24038" Text="Materialbeschreibung" />			
        </Attributes>
    </AttributeSetDefinition>
    <AttributeSetDefinition Uid="2b9b9241-749e-4121-b113-e5f034d5abf2" Text="IFC Exportkenner">
        <Attributes>
            <AttributeValue Uid="772dba9e-210a-4e19-a1c5-f12bab2fdd92" Ifnr="498" Text="Objektname" />
            <AttributeValue Uid="196ba398-487d-4b05-848e-c7ddc34c6cb6" Ifnr="684" Text="IFC-Objekttyp" />
            <AttributeValue Uid="ad7c2b55-3f7b-40ab-b13c-7e06f32084ec" Ifnr="1444" Text="IFC-ObjektSubtyp" />
            <AttributeValue Uid="93027bad-df91-48ee-a0bb-60a8184cddba" Ifnr="683" Text="Ifc ID" />
            <AttributeValue Uid="ffe2c6b0-274a-4e0c-a63b-52510f061cf2" Ifnr="10" Text="Allright_Bauteil_ID" />
        </Attributes>
    </AttributeSetDefinition>
</AttributeSetCollection>